k,target,num_probes,conv_code,rate,decoder_mode,calibration_ber,authorized_uncoded_ber,authorized_postfec_ber,worst_unauthorized_postfec_ber,avg_unauthorized_postfec_ber,median_unauthorized_postfec_ber,leak_positions_le_0p05,leak_positions_le_0p10,evaluated_unauthorized_positions,status
2,"(17, 22)",15,conv_k3_r13,0.31666666666666665,baseline,0.0,0.0,0.0,0.2236842105263158,0.23481781376518215,0.2236842105263158,0,0,26,ok
2,"(15, 26)",15,conv_k3_r13,0.31666666666666665,logistic_top2,0.0,0.0,0.0,0.22368421052631576,0.2236842105263158,0.22368421052631576,0,0,26,ok
2,"(3, 21)",15,conv_k3_r13,0.31666666666666665,baseline,0.0,0.0,0.0,0.17105263157894735,0.19331983805668013,0.17105263157894735,0,0,26,ok
2,"(6, 12)",15,conv_k3_r13,0.31666666666666665,baseline,0.0,0.0,0.0,0.19736842105263158,0.20748987854251014,0.19736842105263158,0,0,26,ok
2,"(14, 17)",15,conv_k3_r13,0.31666666666666665,baseline,0.0,0.0,0.0,0.25,0.2651821862348178,0.25,0,0,26,ok
2,"(13, 26)",15,conv_k3_r13,0.31666666666666665,baseline,0.0,0.0,0.0,0.25,0.2550607287449393,0.25,0,0,26,ok
2,"(13, 23)",15,conv_k3_r13,0.31666666666666665,baseline,0.0,0.0,0.0,0.23684210526315788,0.23684210526315785,0.23684210526315788,0,0,26,ok
2,"(12, 18)",15,conv_k3_r13,0.31666666666666665,baseline,0.0,0.0,0.0,0.22368421052631576,0.2236842105263158,0.22368421052631576,0,0,26,ok
2,"(7, 22)",15,conv_k3_r13,0.31666666666666665,baseline,0.0,0.0,0.0,0.17105263157894735,0.22570850202429152,0.17105263157894737,0,0,26,ok
2,"(1, 5)",15,conv_k3_r13,0.31666666666666665,baseline,0.0,0.0,0.0,0.22368421052631576,0.2469635627530364,0.22368421052631576,0,0,26,ok
2,"(11, 14)",15,conv_k3_r13,0.31666666666666665,baseline,0.0,0.0,0.0,0.23684210526315788,0.23684210526315785,0.23684210526315788,0,0,26,ok
2,"(1, 24)",15,conv_k3_r13,0.31666666666666665,baseline,0.0,0.0,0.0,0.14473684210526316,0.15789473684210525,0.14473684210526316,0,0,26,ok
2,"(13, 17)",15,conv_k3_r13,0.31666666666666665,baseline,0.0,0.0,0.0,0.2368421052631579,0.23684210526315785,0.2368421052631579,0,0,26,ok
2,"(10, 20)",15,conv_k3_r13,0.31666666666666665,baseline,0.0,0.0,0.0,0.25,0.25,0.25,0,0,26,ok
2,"(5, 10)",15,conv_k3_r13,0.31666666666666665,baseline,0.0,0.0,0.0,0.25,0.2550607287449393,0.25,0,0,26,ok
2,"(1, 6)",15,conv_k3_r13,0.31666666666666665,baseline,0.0,0.0,0.0,0.22368421052631576,0.2236842105263158,0.22368421052631576,0,0,26,ok
2,"(9, 14)",15,conv_k3_r13,0.31666666666666665,baseline,0.0,0.0,0.0,0.2368421052631579,0.2591093117408907,0.2368421052631579,0,0,26,ok
2,"(8, 12)",15,conv_k3_r13,0.31666666666666665,logistic_top2,0.0,0.0,0.0,0.2368421052631579,0.2530364372469635,0.2368421052631579,0,0,26,ok
2,"(6, 16)",15,conv_k3_r13,0.31666666666666665,baseline,0.0,0.0,0.0,0.21052631578947367,0.21052631578947364,0.21052631578947367,0,0,26,ok
2,"(6, 23)",15,conv_k3_r13,0.31666666666666665,baseline,0.0,0.0,0.0,0.19736842105263158,0.2034412955465587,0.19736842105263158,0,0,26,ok
3,"(5, 9, 24)",15,conv_k3_r13,0.31666666666666665,baseline,0.0,0.0,0.0,0.2982456140350877,0.34526315789473677,0.30701754385964913,0,0,25,ok
3,"(8, 17, 27)",15,conv_k3_r13,0.31666666666666665,logistic_top3,0.03,0.041666666666666664,0.07894736842105263,0.2982456140350877,0.3080701754385965,0.3157894736842105,0,0,25,ok
3,"(11, 15, 22)",15,conv_k3_r13,0.31666666666666665,baseline,0.0,0.0,0.0,0.2807017543859649,0.303859649122807,0.2982456140350877,0,0,25,ok
3,"(15, 19, 28)",15,conv_k3_r13,0.31666666666666665,logistic_top2,0.0,0.0,0.0,0.2807017543859649,0.30350877192982456,0.2982456140350877,0,0,25,ok
3,"(3, 19, 20)",15,conv_k3_r13,0.31666666666666665,baseline,0.0,0.0,0.0,0.2894736842105263,0.2968421052631579,0.2894736842105263,0,0,25,ok
3,"(7, 18, 25)",15,conv_k3_r13,0.31666666666666665,baseline,0.0,0.0,0.0,0.2719298245614035,0.2912280701754386,0.2807017543859649,0,0,25,ok
3,"(23, 27, 28)",15,conv_k3_r13,0.31666666666666665,logistic_top3,0.0,0.0,0.0,0.2456140350877193,0.25473684210526315,0.2631578947368421,0,0,25,ok
3,"(12, 25, 28)",15,conv_k3_r13,0.31666666666666665,logistic_top3,0.0,0.0,0.0,0.2719298245614035,0.28350877192982454,0.2719298245614035,0,0,25,ok
3,"(14, 21, 25)",15,conv_k3_r13,0.31666666666666665,logistic_top2,0.0,0.0,0.0,0.22807017543859645,0.2491228070175438,0.22807017543859645,0,0,25,ok
3,"(3, 16, 18)",15,conv_k3_r13,0.31666666666666665,logistic_top3,0.0,0.0,0.0,0.2631578947368421,0.28982456140350876,0.2982456140350877,0,0,25,ok
3,"(6, 17, 21)",15,conv_k3_r13,0.31666666666666665,logistic_top3,0.0,0.0,0.0,0.2982456140350877,0.3256140350877193,0.30701754385964913,0,0,25,ok
3,"(14, 17, 18)",15,conv_k3_r13,0.31666666666666665,logistic_top2,0.07,0.08333333333333333,0.10526315789473684,0.2719298245614035,0.28456140350877196,0.2807017543859649,0,0,25,ok
3,"(10, 11, 17)",15,conv_k3_r13,0.31666666666666665,logistic_top3,0.04666666666666667,0.03888888888888889,0.017543859649122806,0.27192982456140347,0.29157894736842105,0.30701754385964913,0,0,25,ok
3,"(22, 25, 26)",15,conv_k3_r13,0.31666666666666665,baseline,0.18166666666666667,0.17777777777777778,0.20175438596491227,0.2280701754385965,0.2733333333333333,0.25438596491228066,0,0,25,ok
3,"(7, 18, 27)",15,conv_k3_r13,0.31666666666666665,baseline,0.0,0.0,0.0,0.24561403508771928,0.2901754385964912,0.2982456140350877,0,0,25,ok
3,"(1, 4, 13)",15,conv_k3_r13,0.31666666666666665,logistic_top2,0.0,0.0,0.0,0.30701754385964913,0.33894736842105266,0.32456140350877194,0,0,25,ok
3,"(8, 12, 20)",15,conv_k3_r13,0.31666666666666665,logistic_top3,0.0,0.0,0.0,0.2982456140350877,0.30280701754385964,0.30701754385964913,0,0,25,ok
3,"(9, 20, 26)",15,conv_k3_r13,0.31666666666666665,baseline,0.0,0.0,0.0,0.2807017543859649,0.3150877192982456,0.3333333333333333,0,0,25,ok
3,"(4, 19, 21)",15,conv_k3_r13,0.31666666666666665,baseline,0.0,0.0,0.0,0.2719298245614035,0.3319298245614035,0.30701754385964913,0,0,25,ok
3,"(1, 7, 14)",15,conv_k3_r13,0.31666666666666665,baseline,0.0,0.0,0.0,0.2982456140350877,0.35228070175438597,0.31578947368421056,0,0,25,ok
4,"(1, 7, 20, 26)",15,conv_k3_r13,0.31666666666666665,logistic_top2,0.05,0.03958333333333333,0.0,0.2894736842105263,0.3355263157894737,0.3289473684210526,0,0,24,ok
4,"(1, 4, 20, 21)",15,conv_k3_r13,0.31666666666666665,logistic_top2,0.0,0.0,0.0,0.3223684210526316,0.3410087719298245,0.3355263157894737,0,0,24,ok
4,"(5, 11, 14, 24)",15,conv_k3_r13,0.31666666666666665,logistic_top3,0.07625,0.0625,0.013157894736842105,0.3223684210526315,0.3333333333333333,0.3355263157894737,0,0,24,ok
4,"(2, 14, 16, 19)",15,conv_k3_r13,0.31666666666666665,logistic_top3,0.025,0.03958333333333333,0.0,0.3092105263157895,0.3333333333333333,0.3223684210526316,0,0,24,ok
4,"(1, 2, 7, 20)",15,conv_k3_r13,0.31666666666666665,logistic_top2,0.0175,0.020833333333333332,0.019736842105263157,0.29605263157894735,0.331140350877193,0.32894736842105265,0,0,24,ok
4,"(7, 10, 20, 21)",15,conv_k3_r13,0.31666666666666665,logistic_top2,0.0,0.0,0.0,0.29605263157894735,0.33826754385964913,0.32894736842105265,0,0,24,ok
4,"(3, 15, 22, 23)",15,conv_k3_r13,0.31666666666666665,logistic_top3,0.02375,0.03333333333333333,0.0,0.2894736842105263,0.3223684210526316,0.3157894736842105,0,0,24,ok
4,"(3, 4, 16, 19)",15,conv_k3_r13,0.31666666666666665,logistic_top3,0.0,0.0,0.0,0.2894736842105263,0.3245614035087719,0.32894736842105265,0,0,24,ok
4,"(3, 6, 14, 15)",15,conv_k3_r13,0.31666666666666665,logistic_top3,0.07375,0.07708333333333334,0.0,0.3092105263157895,0.337171052631579,0.3223684210526316,0,0,24,ok
4,"(1, 4, 15, 22)",15,conv_k3_r13,0.31666666666666665,logistic_top3,0.0,0.0,0.0,0.3092105263157895,0.3426535087719298,0.3355263157894737,0,0,24,ok
4,"(8, 10, 19, 22)",15,conv_k3_r13,0.31666666666666665,logistic_top3,0.11875,0.16875,0.046052631578947366,0.3092105263157895,0.3294956140350877,0.3157894736842105,0,0,24,ok
4,"(13, 15, 21, 24)",15,conv_k3_r13,0.31666666666666665,baseline,0.0,0.0,0.0,0.29605263157894735,0.31853070175438597,0.3092105263157895,0,0,24,ok
4,"(7, 19, 25, 28)",15,conv_k3_r13,0.31666666666666665,logistic_top3,0.03375,0.04375,0.0,0.2631578947368421,0.3327850877192982,0.3092105263157895,0,0,24,ok
4,"(6, 9, 10, 15)",15,conv_k3_r13,0.31666666666666665,logistic_top2,0.0,0.0,0.0,0.2894736842105263,0.2971491228070175,0.30263157894736836,0,0,24,ok
4,"(14, 16, 21, 23)",15,conv_k3_r13,0.31666666666666665,baseline,0.11125,0.12291666666666666,0.046052631578947366,0.29605263157894735,0.3207236842105263,0.29605263157894735,0,0,24,ok
4,"(2, 8, 17, 22)",15,conv_k3_r13,0.31666666666666665,logistic_top2,0.0,0.0,0.0,0.3092105263157895,0.3135964912280702,0.3092105263157895,0,0,24,ok
4,"(11, 14, 17, 23)",15,conv_k3_r13,0.31666666666666665,logistic_top3,0.14375,0.13333333333333333,0.13815789473684212,0.3421052631578947,0.3618421052631579,0.3684210526315789,0,0,24,ok
4,"(17, 19, 21, 26)",15,conv_k3_r13,0.31666666666666665,logistic_top3,0.06125,0.058333333333333334,0.05921052631578947,0.28289473684210525,0.32182017543859653,0.3223684210526316,0,0,24,ok
4,"(6, 10, 11, 14)",15,conv_k3_r13,0.31666666666666665,logistic_top3,0.10875,0.10416666666666667,0.14473684210526316,0.2894736842105263,0.32839912280701755,0.3289473684210526,0,0,24,ok
4,"(1, 11, 14, 22)",15,conv_k3_r13,0.31666666666666665,logistic_top2,0.0,0.0,0.0,0.29605263157894735,0.32894736842105265,0.3355263157894737,0,0,24,ok
5,"(1, 4, 6, 8, 22)",15,conv_k3_r13,0.31666666666666665,logistic_top3,0.007,0.005,0.0,0.3,0.3475972540045767,0.34210526315789475,0,0,23,ok
5,"(3, 10, 13, 18, 25)",15,conv_k3_r13,0.31666666666666665,logistic_top3,0.014,0.02,0.0,0.3315789473684211,0.3496567505720824,0.34210526315789475,0,0,23,ok
5,"(2, 9, 10, 12, 25)",15,conv_k3_r13,0.31666666666666665,logistic_top3,0.072,0.08333333333333333,0.03684210526315789,0.3315789473684211,0.3757437070938215,0.3789473684210526,0,0,23,ok
5,"(11, 14, 18, 22, 28)",15,conv_k3_r13,0.31666666666666665,logistic_top3,0.153,0.15,0.06842105263157895,0.3157894736842105,0.36750572082379873,0.36842105263157887,0,0,23,ok
5,"(4, 13, 24, 25, 28)",15,conv_k3_r13,0.31666666666666665,logistic_top2,0.103,0.10166666666666667,0.04736842105263158,0.3052631578947368,0.3402745995423341,0.34210526315789475,0,0,23,ok
5,"(1, 8, 10, 18, 26)",15,conv_k3_r13,0.31666666666666665,logistic_top3,0.122,0.12333333333333334,0.042105263157894736,0.3315789473684211,0.34439359267734565,0.3368421052631579,0,0,23,ok
5,"(3, 7, 12, 20, 28)",15,conv_k3_r13,0.31666666666666665,logistic_top2,0.08,0.08,0.015789473684210527,0.3421052631578948,0.36681922196796335,0.3684210526315789,0,0,23,ok
5,"(2, 7, 10, 12, 27)",15,conv_k3_r13,0.31666666666666665,logistic_top3,0.081,0.075,0.05789473684210526,0.3,0.35743707093821514,0.3578947368421052,0,0,23,ok
5,"(3, 4, 7, 18, 28)",15,conv_k3_r13,0.31666666666666665,logistic_top3,0.108,0.115,0.0,0.3473684210526315,0.374141876430206,0.37368421052631584,0,0,23,ok
5,"(6, 12, 18, 22, 27)",15,conv_k3_r13,0.31666666666666665,logistic_top3,0.095,0.11166666666666666,0.05263157894736842,0.3368421052631579,0.3489702517162472,0.34210526315789475,0,0,23,ok
5,"(1, 8, 10, 13, 25)",15,conv_k3_r13,0.31666666666666665,logistic_top3,0.022,0.025,0.015789473684210527,0.2947368421052632,0.3437070938215102,0.34736842105263155,0,0,23,ok
5,"(3, 12, 15, 19, 25)",15,conv_k3_r13,0.31666666666666665,logistic_top3,0.121,0.11166666666666666,0.07894736842105263,0.3157894736842105,0.34828375286041185,0.3473684210526315,0,0,23,ok
5,"(1, 7, 13, 19, 28)",15,conv_k3_r13,0.31666666666666665,logistic_top3,0.04,0.05,0.0,0.3368421052631579,0.37345537757437064,0.36315789473684207,0,0,23,ok
5,"(6, 11, 12, 14, 16)",15,conv_k3_r13,0.31666666666666665,logistic_top3,0.178,0.17166666666666666,0.04736842105263158,0.32631578947368417,0.3576659038901601,0.3526315789473684,0,0,23,ok
5,"(4, 7, 17, 26, 27)",15,conv_k3_r13,0.31666666666666665,logistic_top3,0.164,0.16333333333333333,0.07894736842105263,0.3473684210526316,0.37139588100686494,0.3684210526315789,0,0,23,ok
5,"(1, 10, 12, 17, 22)",15,conv_k3_r13,0.31666666666666665,logistic_top2,0.073,0.06666666666666667,0.03684210526315789,0.32105263157894737,0.351258581235698,0.3473684210526316,0,0,23,ok
5,"(1, 14, 21, 24, 26)",15,conv_k3_r13,0.31666666666666665,logistic_top2,0.056,0.08166666666666667,0.042105263157894736,0.32105263157894737,0.3391304347826088,0.3368421052631579,0,0,23,ok
5,"(7, 18, 21, 22, 26)",15,conv_k3_r13,0.31666666666666665,logistic_top3,0.104,0.1,0.05789473684210526,0.3157894736842105,0.34919908466819216,0.3368421052631579,0,0,23,ok
5,"(13, 17, 18, 23, 25)",15,conv_k3_r13,0.31666666666666665,logistic_top3,0.135,0.14833333333333334,0.06842105263157895,0.29999999999999993,0.3318077803203661,0.3315789473684211,0,0,23,ok
5,"(6, 9, 11, 13, 20)",15,conv_k3_r13,0.31666666666666665,logistic_top2,0.025,0.028333333333333332,0.0,0.3578947368421052,0.38009153318077793,0.37894736842105264,0,0,23,ok
6,"(4, 7, 16, 18, 21, 28)",15,conv_k3_r13,0.31666666666666665,logistic_top3,0.1625,0.175,0.10964912280701754,0.3728070175438596,0.390749601275917,0.381578947368421,0,0,22,ok
6,"(7, 8, 14, 15, 23, 26)",15,conv_k3_r13,0.31666666666666665,logistic_top3,0.11,0.10694444444444444,0.07017543859649122,0.3684210526315789,0.3803827751196172,0.37719298245614036,0,0,22,ok
6,"(1, 3, 8, 10, 19, 21)",15,conv_k3_r13,0.31666666666666665,logistic_top2,0.11583333333333333,0.13472222222222222,0.13157894736842105,0.35964912280701755,0.37559808612440193,0.37719298245614036,0,0,22,ok
6,"(1, 2, 6, 14, 21, 23)",15,conv_k3_r13,0.31666666666666665,logistic_top2,0.12583333333333332,0.12083333333333333,0.13596491228070176,0.3508771929824561,0.35925039872408293,0.3508771929824561,0,0,22,ok
6,"(2, 4, 13, 20, 22, 23)",15,conv_k3_r13,0.31666666666666665,logistic_top3,0.08583333333333333,0.10416666666666667,0.0,0.3114035087719298,0.34808612440191383,0.34210526315789475,0,0,22,ok
6,"(3, 11, 12, 13, 17, 27)",15,conv_k3_r13,0.31666666666666665,logistic_top3,0.15833333333333333,0.14305555555555555,0.15350877192982457,0.34210526315789475,0.36682615629984044,0.35964912280701755,0,0,22,ok
6,"(2, 13, 19, 20, 21, 28)",15,conv_k3_r13,0.31666666666666665,logistic_top3,0.09166666666666666,0.08194444444444444,0.039473684210526314,0.3421052631578947,0.3644338118022328,0.3464912280701754,0,0,22,ok
6,"(1, 6, 9, 12, 14, 27)",15,conv_k3_r13,0.31666666666666665,logistic_top2,0.07333333333333333,0.07916666666666666,0.043859649122807015,0.3508771929824561,0.3704146730462521,0.3771929824561404,0,0,22,ok
6,"(1, 7, 11, 20, 21, 27)",15,conv_k3_r13,0.31666666666666665,logistic_top2,0.050833333333333335,0.06111111111111111,0.039473684210526314,0.3596491228070175,0.37719298245614036,0.37719298245614036,0,0,22,ok
6,"(2, 5, 6, 13, 18, 24)",15,conv_k3_r13,0.31666666666666665,logistic_top3,0.0775,0.09583333333333334,0.039473684210526314,0.3552631578947369,0.37719298245614036,0.37280701754385964,0,0,22,ok
6,"(1, 3, 6, 15, 19, 28)",15,conv_k3_r13,0.31666666666666665,logistic_top3,0.0375,0.04027777777777778,0.008771929824561403,0.3552631578947369,0.36802232854864436,0.3640350877192982,0,0,22,ok
6,"(3, 5, 14, 24, 25, 26)",15,conv_k3_r13,0.31666666666666665,logistic_top3,0.08083333333333333,0.08055555555555556,0.06578947368421052,0.34649122807017546,0.36283891547049446,0.34649122807017546,0,0,22,ok
6,"(2, 3, 4, 9, 11, 22)",15,conv_k3_r13,0.31666666666666665,logistic_top3,0.11916666666666667,0.12222222222222222,0.039473684210526314,0.3333333333333333,0.3720095693779904,0.3596491228070175,0,0,22,ok
6,"(4, 8, 9, 14, 21, 27)",15,conv_k3_r13,0.31666666666666665,logistic_top2,0.07166666666666667,0.09166666666666666,0.02631578947368421,0.35964912280701755,0.37320574162679426,0.37719298245614036,0,0,22,ok
6,"(4, 8, 11, 16, 23, 24)",15,conv_k3_r13,0.31666666666666665,logistic_top3,0.1925,0.2111111111111111,0.09210526315789473,0.3684210526315789,0.3855661881977671,0.37719298245614036,0,0,22,ok
6,"(2, 10, 21, 22, 23, 28)",15,conv_k3_r13,0.31666666666666665,logistic_top3,0.10666666666666667,0.11666666666666667,0.017543859649122806,0.34649122807017535,0.37519936204146725,0.3640350877192983,0,0,22,ok
6,"(1, 2, 4, 5, 21, 24)",15,conv_k3_r13,0.31666666666666665,logistic_top2,0.025,0.03333333333333333,0.0,0.3333333333333333,0.36722488038277507,0.35964912280701755,0,0,22,ok
6,"(8, 9, 14, 17, 20, 27)",15,conv_k3_r13,0.31666666666666665,logistic_top3,0.10916666666666666,0.12361111111111112,0.11403508771929824,0.3596491228070175,0.3955342902711324,0.3947368421052631,0,0,22,ok
6,"(3, 6, 9, 14, 15, 24)",15,conv_k3_r13,0.31666666666666665,logistic_top3,0.07,0.09722222222222222,0.013157894736842105,0.34649122807017546,0.3568580542264753,0.3552631578947369,0,0,22,ok
6,"(1, 3, 4, 6, 15, 16)",15,conv_k3_r13,0.31666666666666665,logistic_top3,0.055,0.0625,0.0,0.33771929824561403,0.37480063795853263,0.3640350877192982,0,0,22,ok
7,"(1, 2, 3, 4, 10, 18, 25)",15,conv_k3_r13,0.31666666666666665,logistic_top3,0.095,0.0869047619047619,0.03759398496240601,0.349624060150376,0.3771929824561404,0.38345864661654133,0,0,21,ok
7,"(4, 5, 14, 20, 21, 25, 26)",15,conv_k3_r13,0.31666666666666665,logistic_top3,0.09,0.09404761904761905,0.05639097744360902,0.35714285714285715,0.38166845685642686,0.37218045112781956,0,0,21,ok
7,"(4, 6, 12, 14, 15, 22, 27)",15,conv_k3_r13,0.31666666666666665,logistic_top3,0.14642857142857144,0.15833333333333333,0.08646616541353383,0.3571428571428571,0.3814894378804153,0.3759398496240602,0,0,21,ok
7,"(1, 9, 14, 16, 20, 25, 28)",15,conv_k3_r13,0.31666666666666665,logistic_top3,0.07285714285714286,0.07380952380952381,0.03759398496240601,0.3533834586466166,0.39760114572144645,0.4022556390977443,0,0,21,ok
7,"(9, 13, 16, 17, 20, 23, 25)",15,conv_k3_r13,0.31666666666666665,logistic_top3,0.14,0.15357142857142858,0.20300751879699247,0.3383458646616541,0.3693161475116362,0.3684210526315789,0,0,21,ok
7,"(5, 13, 14, 15, 16, 17, 28)",15,conv_k3_r13,0.31666666666666665,logistic_top3,0.11214285714285714,0.11428571428571428,0.03383458646616541,0.3533834586466166,0.3757608306480487,0.36466165413533835,0,0,21,ok
7,"(11, 13, 22, 23, 24, 25, 28)",15,conv_k3_r13,0.31666666666666665,logistic_top3,0.18,0.20476190476190476,0.12781954887218044,0.3496240601503759,0.3700322234156821,0.3721804511278196,0,0,21,ok
7,"(3, 8, 15, 20, 21, 23, 28)",15,conv_k3_r13,0.31666666666666665,logistic_top3,0.08571428571428572,0.1,0.011278195488721804,0.34210526315789475,0.3678839957035446,0.3684210526315789,0,0,21,ok
7,"(1, 3, 4, 11, 16, 19, 28)",15,conv_k3_r13,0.31666666666666665,logistic_top2,0.11571428571428571,0.13333333333333333,0.03383458646616541,0.3609022556390978,0.3771929824561403,0.37593984962406013,0,0,21,ok
7,"(1, 8, 9, 13, 14, 24, 26)",15,conv_k3_r13,0.31666666666666665,logistic_top3,0.075,0.0880952380952381,0.0037593984962406013,0.35714285714285715,0.3768349445041174,0.37593984962406024,0,0,21,ok
7,"(5, 11, 12, 17, 18, 19, 27)",15,conv_k3_r13,0.31666666666666665,logistic_top2,0.195,0.20357142857142857,0.15789473684210525,0.3458646616541353,0.38095238095238093,0.39097744360902265,0,0,21,ok
7,"(1, 4, 13, 14, 20, 24, 26)",15,conv_k3_r13,0.31666666666666665,logistic_top3,0.07214285714285715,0.0880952380952381,0.0037593984962406013,0.3533834586466165,0.3746867167919799,0.3684210526315789,0,0,21,ok
7,"(7, 10, 11, 16, 20, 21, 26)",15,conv_k3_r13,0.31666666666666665,logistic_top3,0.1442857142857143,0.1630952380952381,0.13157894736842105,0.3195488721804511,0.3626924453992123,0.3609022556390977,0,0,21,ok
7,"(7, 10, 11, 14, 18, 20, 24)",15,conv_k3_r13,0.31666666666666665,logistic_top3,0.11571428571428571,0.1130952380952381,0.015037593984962405,0.3533834586466166,0.3814894378804154,0.3834586466165414,0,0,21,ok
7,"(1, 3, 4, 5, 10, 16, 19)",15,conv_k3_r13,0.31666666666666665,logistic_top3,0.09142857142857143,0.0988095238095238,0.018796992481203006,0.3571428571428571,0.3854278553526674,0.3759398496240602,0,0,21,ok
7,"(1, 3, 4, 11, 12, 15, 27)",15,conv_k3_r13,0.31666666666666665,logistic_top3,0.11428571428571428,0.125,0.05639097744360902,0.349624060150376,0.3804153240243465,0.3684210526315789,0,0,21,ok
7,"(2, 3, 6, 11, 13, 18, 26)",15,conv_k3_r13,0.31666666666666665,logistic_top3,0.16357142857142856,0.14166666666666666,0.07894736842105263,0.349624060150376,0.37844611528822053,0.37969924812030076,0,0,21,ok
7,"(7, 10, 15, 18, 19, 24, 26)",15,conv_k3_r13,0.31666666666666665,logistic_top3,0.14785714285714285,0.14523809523809525,0.09022556390977443,0.3458646616541353,0.3822055137844612,0.38345864661654133,0,0,21,ok
7,"(1, 2, 3, 14, 20, 25, 28)",15,conv_k3_r13,0.31666666666666665,logistic_top3,0.04428571428571428,0.04047619047619048,0.0,0.3609022556390978,0.3807733619763696,0.37969924812030076,0,0,21,ok
7,"(1, 8, 14, 17, 18, 21, 25)",15,conv_k3_r13,0.31666666666666665,logistic_top3,0.13,0.1523809523809524,0.10150375939849623,0.3721804511278196,0.38882921589688507,0.39473684210526316,0,0,21,ok
8,"(5, 7, 8, 10, 14, 15, 25, 27)",15,conv_k3_r13,0.31666666666666665,logistic_top3,0.14625,0.1625,0.05592105263157895,0.35855263157894735,0.3865131578947368,0.38815789473684204,0,0,20,ok
8,"(10, 14, 15, 16, 18, 22, 23, 25)",15,conv_k3_r13,0.31666666666666665,logistic_top3,0.151875,0.165625,0.06578947368421052,0.368421052631579,0.3894736842105263,0.39473684210526316,0,0,20,ok
8,"(5, 12, 13, 15, 16, 17, 18, 27)",15,conv_k3_r13,0.31666666666666665,logistic_top3,0.185,0.18020833333333333,0.023026315789473683,0.368421052631579,0.3960526315789473,0.39473684210526316,0,0,20,ok
8,"(1, 10, 12, 15, 16, 25, 27, 28)",15,conv_k3_r13,0.31666666666666665,logistic_top3,0.148125,0.14479166666666668,0.07236842105263158,0.36184210526315785,0.375328947368421,0.368421052631579,0,0,20,ok
8,"(5, 6, 7, 8, 10, 14, 23, 24)",15,conv_k3_r13,0.31666666666666665,logistic_top3,0.153125,0.175,0.05263157894736842,0.35855263157894735,0.3875,0.3848684210526315,0,0,20,ok
8,"(1, 5, 6, 10, 16, 18, 27, 28)",15,conv_k3_r13,0.31666666666666665,logistic_top3,0.139375,0.134375,0.0625,0.368421052631579,0.3819078947368421,0.38815789473684204,0,0,20,ok
8,"(1, 9, 10, 12, 13, 15, 16, 24)",15,conv_k3_r13,0.31666666666666665,logistic_top3,0.1375,0.153125,0.1118421052631579,0.34539473684210525,0.36644736842105263,0.3651315789473684,0,0,20,ok
8,"(2, 5, 10, 12, 16, 19, 22, 27)",15,conv_k3_r13,0.31666666666666665,logistic_top3,0.19125,0.19479166666666667,0.14802631578947367,0.36184210526315785,0.3924342105263158,0.39473684210526316,0,0,20,ok
8,"(2, 5, 19, 21, 22, 24, 26, 28)",15,conv_k3_r13,0.31666666666666665,logistic_top3,0.161875,0.18333333333333332,0.06907894736842106,0.3519736842105263,0.39111842105263156,0.39144736842105265,0,0,20,ok
8,"(1, 3, 6, 7, 8, 10, 17, 24)",15,conv_k3_r13,0.31666666666666665,logistic_top3,0.105625,0.1125,0.05921052631578947,0.3651315789473684,0.3875,0.3848684210526316,0,0,20,ok
8,"(5, 9, 10, 13, 16, 20, 21, 23)",15,conv_k3_r13,0.31666666666666665,logistic_top2,0.13375,0.14479166666666668,0.0625,0.3355263157894737,0.3546052631578947,0.3388157894736842,0,0,20,ok
8,"(6, 10, 13, 17, 19, 21, 23, 27)",15,conv_k3_r13,0.31666666666666665,logistic_top2,0.150625,0.18125,0.15460526315789475,0.3684210526315789,0.4042763157894737,0.4013157894736842,0,0,20,ok
8,"(2, 12, 14, 15, 16, 17, 24, 26)",15,conv_k3_r13,0.31666666666666665,logistic_top3,0.18125,0.18854166666666666,0.10197368421052631,0.375,0.3927631578947369,0.39144736842105265,0,0,20,ok
8,"(1, 5, 10, 12, 19, 22, 24, 28)",15,conv_k3_r13,0.31666666666666665,logistic_top3,0.145,0.14375,0.08881578947368421,0.3651315789473684,0.3898026315789474,0.38815789473684215,0,0,20,ok
8,"(2, 11, 12, 18, 19, 21, 24, 27)",15,conv_k3_r13,0.31666666666666665,logistic_top3,0.203125,0.23020833333333332,0.18421052631578946,0.35855263157894735,0.3848684210526315,0.3848684210526315,0,0,20,ok
8,"(1, 4, 7, 13, 14, 15, 21, 28)",15,conv_k3_r13,0.31666666666666665,logistic_top3,0.166875,0.16041666666666668,0.05921052631578947,0.37499999999999994,0.3917763157894737,0.3881578947368421,0,0,20,ok
8,"(5, 7, 10, 11, 12, 14, 22, 28)",15,conv_k3_r13,0.31666666666666665,logistic_top3,0.134375,0.153125,0.14473684210526316,0.3388157894736842,0.37302631578947365,0.375,0,0,20,ok
8,"(4, 5, 7, 9, 17, 21, 24, 28)",15,conv_k3_r13,0.31666666666666665,logistic_top3,0.118125,0.11041666666666666,0.09868421052631579,0.3486842105263158,0.36875,0.35855263157894735,0,0,20,ok
8,"(5, 8, 12, 13, 17, 20, 26, 28)",15,conv_k3_r13,0.31666666666666665,logistic_top3,0.205,0.22083333333333333,0.20065789473684212,0.3519736842105263,0.3973684210526316,0.39144736842105265,0,0,20,ok
8,"(2, 10, 14, 17, 18, 19, 23, 28)",15,conv_k3_r13,0.31666666666666665,logistic_top2,0.1775,0.19791666666666666,0.13486842105263158,0.3355263157894737,0.3782894736842105,0.3782894736842105,0,0,20,ok
