k,real_k,effective_k,virtual_stream_count,sample_index,position_combination,selection_rank,candidate_id,source,probes,authorized_max_ber,authorized_position_bers,candidate_min_route_min_ber,candidate_avg_route_min_ber,worst_route
7,7,8,1,1,"(2, 5, 9, 11, 18, 21, 24)",1,328,anchor_worst_targeted,"[30, 40, 45, 60, 100, 130, 215, 270, 280, 285, 305, 315, 330, 355, 360]",0.00000000,"[0.00000000, 0.00000000, 0.00000000, 0.00000000, 0.00000000, 0.00000000, 0.00000000]",0.32500000,0.45603571,6->24
7,7,8,1,1,"(2, 5, 9, 11, 18, 21, 24)",2,323,anchor_worst_targeted,"[30, 40, 45, 60, 100, 130, 215, 270, 280, 285, 305, 315, 330, 355, 360]",0.00000000,"[0.00000000, 0.00000000, 0.00000000, 0.00000000, 0.00000000, 0.00000000, 0.00000000]",0.31800000,0.45752381,6->24
7,7,8,1,1,"(2, 5, 9, 11, 18, 21, 24)",3,278,anchor_worst_targeted,"[25, 45, 50, 95, 100, 130, 145, 155, 190, 240, 250, 300, 305, 335, 365]",0.00000000,"[0.00000000, 0.00000000, 0.00000000, 0.00000000, 0.00000000, 0.00000000, 0.00000000]",0.31500000,0.45402381,27->9
7,7,8,1,1,"(2, 5, 9, 11, 18, 21, 24)",4,248,anchor_worst_targeted,"[25, 30, 75, 85, 90, 135, 150, 175, 210, 215, 230, 245, 265, 335, 355]",0.00000000,"[0.00000000, 0.00000000, 0.00000000, 0.00000000, 0.00000000, 0.00000000, 0.00000000]",0.30800000,0.44872619,16->24
7,7,8,1,1,"(2, 5, 9, 11, 18, 21, 24)",5,236,anchor_worst_targeted,"[25, 30, 75, 85, 90, 135, 150, 175, 210, 215, 230, 245, 265, 335, 355]",0.00000000,"[0.00000000, 0.00000000, 0.00000000, 0.00000000, 0.00000000, 0.00000000, 0.00000000]",0.30700000,0.45698810,28->5
7,7,8,1,1,"(2, 5, 9, 11, 18, 21, 24)",6,245,anchor_worst_targeted,"[25, 30, 75, 85, 90, 135, 150, 175, 210, 215, 230, 245, 265, 335, 355]",0.00000000,"[0.00000000, 0.00000000, 0.00000000, 0.00000000, 0.00000000, 0.00000000, 0.00000000]",0.30600000,0.45555952,7->5
7,7,8,1,1,"(2, 5, 9, 11, 18, 21, 24)",7,342,anchor_worst_targeted,"[10, 15, 25, 80, 100, 125, 160, 180, 265, 275, 285, 295, 325, 330, 355]",0.00000000,"[0.00000000, 0.00000000, 0.00000000, 0.00000000, 0.00000000, 0.00000000, 0.00000000]",0.23100000,0.44842857,4->11
7,7,8,1,1,"(2, 5, 9, 11, 18, 21, 24)",8,133,anchor_worst_targeted,"[15, 35, 40, 80, 100, 105, 115, 125, 165, 170, 185, 200, 210, 215, 245]",0.00000000,"[0.00000000, 0.00000000, 0.00000000, 0.00000000, 0.00000000, 0.00000000, 0.00000000]",0.16300000,0.45708333,20->5
7,7,8,1,1,"(2, 5, 9, 11, 18, 21, 24)",9,62,baseline_global_guarded,"[20, 45, 60, 85, 115, 145, 155, 185, 235, 240, 255, 265, 325, 330, 335]",0.00000000,"[0.00000000, 0.00000000, 0.00000000, 0.00000000, 0.00000000, 0.00000000, 0.00000000]",0.21400000,0.45521429,7->24
7,7,8,1,1,"(2, 5, 9, 11, 18, 21, 24)",10,294,anchor_worst_targeted,"[30, 55, 65, 80, 95, 100, 180, 200, 205, 220, 260, 270, 275, 335, 345]",0.00000000,"[0.00000000, 0.00000000, 0.00000000, 0.00000000, 0.00000000, 0.00000000, 0.00000000]",0.24600000,0.45946429,4->24
7,7,8,1,1,"(2, 5, 9, 11, 18, 21, 24)",11,136,anchor_worst_targeted,"[15, 35, 40, 80, 100, 105, 115, 125, 165, 170, 185, 200, 210, 215, 245]",0.00000000,"[0.00000000, 0.00000000, 0.00000000, 0.00000000, 0.00000000, 0.00000000, 0.00000000]",0.25400000,0.45647619,20->5
7,7,8,1,1,"(2, 5, 9, 11, 18, 21, 24)",12,22,baseline_global_guarded,"[10, 60, 80, 90, 115, 165, 170, 220, 230, 235, 250, 265, 270, 280, 330]",0.00000000,"[0.00000000, 0.00000000, 0.00000000, 0.00000000, 0.00000000, 0.00000000, 0.00000000]",0.16000000,0.45363095,22->24
7,7,8,1,1,"(2, 5, 9, 11, 18, 21, 24)",13,125,anchor_worst_targeted,"[15, 35, 40, 80, 100, 105, 115, 125, 165, 170, 185, 200, 210, 215, 245]",0.00000000,"[0.00000000, 0.00000000, 0.00000000, 0.00000000, 0.00000000, 0.00000000, 0.00000000]",0.18700000,0.45213095,20->5
7,7,8,1,1,"(2, 5, 9, 11, 18, 21, 24)",14,66,baseline_global_guarded,"[20, 45, 60, 85, 115, 145, 155, 185, 235, 240, 255, 265, 325, 330, 335]",0.00000000,"[0.00000000, 0.00000000, 0.00000000, 0.00000000, 0.00000000, 0.00000000, 0.00000000]",0.27700000,0.45891667,27->21
7,7,8,1,1,"(2, 5, 9, 11, 18, 21, 24)",15,138,anchor_worst_targeted,"[25, 75, 125, 130, 135, 185, 215, 230, 235, 240, 270, 275, 295, 300, 340]",0.00000000,"[0.00000000, 0.00000000, 0.00000000, 0.00000000, 0.00000000, 0.00000000, 0.00000000]",0.16100000,0.44777381,7->24
7,7,8,1,1,"(2, 5, 9, 11, 18, 21, 24)",16,167,anchor_worst_targeted,"[20, 65, 75, 85, 115, 135, 145, 150, 160, 180, 210, 230, 250, 255, 360]",0.00000000,"[0.00000000, 0.00000000, 0.00000000, 0.00000000, 0.00000000, 0.00000000, 0.00000000]",0.24900000,0.45010714,16->24
7,7,8,1,1,"(2, 5, 9, 11, 18, 21, 24)",17,65,baseline_global_guarded,"[20, 45, 60, 85, 115, 145, 155, 185, 235, 240, 255, 265, 325, 330, 335]",0.00000000,"[0.00000000, 0.00000000, 0.00000000, 0.00000000, 0.00000000, 0.00000000, 0.00000000]",0.24100000,0.46122619,7->24
7,7,8,1,1,"(2, 5, 9, 11, 18, 21, 24)",18,64,baseline_global_guarded,"[20, 45, 60, 85, 115, 145, 155, 185, 235, 240, 255, 265, 325, 330, 335]",0.00000000,"[0.00000000, 0.00000000, 0.00000000, 0.00000000, 0.00000000, 0.00000000, 0.00000000]",0.29400000,0.46079762,7->24
7,7,8,1,1,"(2, 5, 9, 11, 18, 21, 24)",19,287,anchor_worst_targeted,"[30, 55, 65, 80, 95, 100, 180, 200, 205, 220, 260, 270, 275, 335, 345]",0.00000000,"[0.00000000, 0.00000000, 0.00000000, 0.00000000, 0.00000000, 0.00000000, 0.00000000]",0.23400000,0.46059524,16->2
7,7,8,1,1,"(2, 5, 9, 11, 18, 21, 24)",20,35,baseline_global_guarded,"[5, 50, 80, 100, 115, 125, 135, 175, 180, 245, 250, 275, 295, 315, 355]",0.00000000,"[0.00000000, 0.00000000, 0.00000000, 0.00000000, 0.00000000, 0.00000000, 0.00000000]",0.25300000,0.45938095,15->18
7,7,8,1,2,"(4, 11, 15, 16, 21, 22, 24)",1,158,baseline_global_guarded,"[115, 150, 195, 200, 205, 240, 250, 260, 270, 280, 285, 335, 340, 350, 365]",0.00000000,"[0.00000000, 0.00000000, 0.00000000, 0.00000000, 0.00000000, 0.00000000, 0.00000000]",0.35600000,0.46023377,26->15
7,7,8,1,2,"(4, 11, 15, 16, 21, 22, 24)",2,576,anchor_worst_targeted,"[25, 65, 75, 95, 100, 110, 130, 190, 200, 230, 250, 280, 285, 325, 330]",0.00000000,"[0.00000000, 0.00000000, 0.00000000, 0.00000000, 0.00000000, 0.00000000, 0.00000000]",0.34900000,0.46518182,18->11
7,7,8,1,2,"(4, 11, 15, 16, 21, 22, 24)",3,741,anchor_worst_targeted,"[40, 75, 85, 130, 150, 155, 160, 165, 170, 185, 210, 215, 305, 310, 320]",0.00000000,"[0.00000000, 0.00000000, 0.00000000, 0.00000000, 0.00000000, 0.00000000, 0.00000000]",0.34700000,0.44761039,2->16
7,7,8,1,2,"(4, 11, 15, 16, 21, 22, 24)",4,566,anchor_worst_targeted,"[25, 65, 75, 95, 100, 110, 130, 190, 200, 230, 250, 280, 285, 325, 330]",0.00000000,"[0.00000000, 0.00000000, 0.00000000, 0.00000000, 0.00000000, 0.00000000, 0.00000000]",0.34400000,0.45955844,27->15
7,7,8,1,2,"(4, 11, 15, 16, 21, 22, 24)",5,714,anchor_worst_targeted,"[10, 45, 55, 110, 115, 135, 145, 170, 180, 230, 260, 270, 280, 345, 350]",0.00000000,"[0.00000000, 0.00000000, 0.00000000, 0.00000000, 0.00000000, 0.00000000, 0.00000000]",0.34300000,0.45807792,28->16
7,7,8,1,2,"(4, 11, 15, 16, 21, 22, 24)",6,603,anchor_worst_targeted,"[40, 65, 70, 115, 120, 140, 150, 170, 180, 195, 205, 215, 225, 320, 350]",0.00000000,"[0.00000000, 0.00000000, 0.00000000, 0.00000000, 0.00000000, 0.00000000, 0.00000000]",0.33600000,0.45771429,28->16
7,7,8,1,2,"(4, 11, 15, 16, 21, 22, 24)",7,824,anchor_worst_targeted,"[5, 15, 40, 140, 150, 165, 170, 205, 220, 230, 235, 245, 300, 330, 335]",0.00000000,"[0.00000000, 0.00000000, 0.00000000, 0.00000000, 0.00000000, 0.00000000, 0.00000000]",0.30000000,0.46166234,25->15
7,7,8,1,2,"(4, 11, 15, 16, 21, 22, 24)",8,822,anchor_worst_targeted,"[5, 15, 40, 140, 150, 165, 170, 205, 220, 230, 235, 245, 300, 330, 335]",0.00000000,"[0.00000000, 0.00000000, 0.00000000, 0.00000000, 0.00000000, 0.00000000, 0.00000000]",0.28000000,0.45806494,25->15
7,7,8,1,2,"(4, 11, 15, 16, 21, 22, 24)",9,914,anchor_worst_targeted,"[20, 25, 50, 55, 90, 105, 130, 195, 210, 225, 240, 250, 310, 355, 360]",0.00000000,"[0.00000000, 0.00000000, 0.00000000, 0.00000000, 0.00000000, 0.00000000, 0.00000000]",0.24700000,0.45341558,9->24
7,7,8,1,2,"(4, 11, 15, 16, 21, 22, 24)",10,229,anchor_worst_targeted,"[5, 30, 35, 60, 125, 145, 150, 160, 170, 240, 260, 270, 280, 345, 365]",0.00000000,"[0.00000000, 0.00000000, 0.00000000, 0.00000000, 0.00000000, 0.00000000, 0.00000000]",0.26700000,0.45680519,26->22
7,7,8,1,2,"(4, 11, 15, 16, 21, 22, 24)",11,832,anchor_worst_targeted,"[5, 15, 40, 140, 150, 165, 170, 205, 220, 230, 235, 245, 300, 330, 335]",0.00000000,"[0.00000000, 0.00000000, 0.00000000, 0.00000000, 0.00000000, 0.00000000, 0.00000000]",0.32200000,0.45911688,25->4
7,7,8,1,2,"(4, 11, 15, 16, 21, 22, 24)",12,300,anchor_worst_targeted,"[30, 60, 85, 115, 135, 145, 160, 210, 230, 260, 275, 285, 340, 355, 365]",0.00000000,"[0.00000000, 0.00000000, 0.00000000, 0.00000000, 0.00000000, 0.00000000, 0.00000000]",0.26600000,0.46031169,2->22
7,7,8,1,2,"(4, 11, 15, 16, 21, 22, 24)",13,836,anchor_worst_targeted,"[20, 35, 40, 45, 75, 105, 110, 140, 160, 240, 290, 295, 325, 345, 365]",0.00000000,"[0.00000000, 0.00000000, 0.00000000, 0.00000000, 0.00000000, 0.00000000, 0.00000000]",0.25800000,0.44990909,6->11
7,7,8,1,2,"(4, 11, 15, 16, 21, 22, 24)",14,838,anchor_worst_targeted,"[20, 35, 40, 45, 75, 105, 110, 140, 160, 240, 290, 295, 325, 345, 365]",0.00000000,"[0.00000000, 0.00000000, 0.00000000, 0.00000000, 0.00000000, 0.00000000, 0.00000000]",0.25800000,0.44575325,25->4
7,7,8,1,2,"(4, 11, 15, 16, 21, 22, 24)",15,299,anchor_worst_targeted,"[30, 60, 85, 115, 135, 145, 160, 210, 230, 260, 275, 285, 340, 355, 365]",0.00000000,"[0.00000000, 0.00000000, 0.00000000, 0.00000000, 0.00000000, 0.00000000, 0.00000000]",0.29500000,0.45633766,2->22
7,7,8,1,2,"(4, 11, 15, 16, 21, 22, 24)",16,772,anchor_worst_targeted,"[30, 40, 50, 120, 125, 145, 180, 200, 205, 210, 225, 265, 290, 320, 325]",0.00000000,"[0.00000000, 0.00000000, 0.00000000, 0.00000000, 0.00000000, 0.00000000, 0.00000000]",0.32100000,0.45948052,26->11
7,7,8,1,2,"(4, 11, 15, 16, 21, 22, 24)",17,568,anchor_worst_targeted,"[25, 65, 75, 95, 100, 110, 130, 190, 200, 230, 250, 280, 285, 325, 330]",0.00000000,"[0.00000000, 0.00000000, 0.00000000, 0.00000000, 0.00000000, 0.00000000, 0.00000000]",0.33400000,0.46372727,25->16
7,7,8,1,2,"(4, 11, 15, 16, 21, 22, 24)",18,170,baseline_global_guarded,"[10, 15, 25, 65, 120, 180, 190, 195, 215, 220, 250, 260, 280, 305, 345]",0.00000000,"[0.00000000, 0.00000000, 0.00000000, 0.00000000, 0.00000000, 0.00000000, 0.00000000]",0.24500000,0.46363636,18->4
7,7,8,1,2,"(4, 11, 15, 16, 21, 22, 24)",19,571,anchor_worst_targeted,"[25, 65, 75, 95, 100, 110, 130, 190, 200, 230, 250, 280, 285, 325, 330]",0.00000000,"[0.00000000, 0.00000000, 0.00000000, 0.00000000, 0.00000000, 0.00000000, 0.00000000]",0.29000000,0.46346753,2->4
7,7,8,1,2,"(4, 11, 15, 16, 21, 22, 24)",20,569,anchor_worst_targeted,"[25, 65, 75, 95, 100, 110, 130, 190, 200, 230, 250, 280, 285, 325, 330]",0.00000000,"[0.00000000, 0.00000000, 0.00000000, 0.00000000, 0.00000000, 0.00000000, 0.00000000]",0.28000000,0.46254545,2->4
7,7,8,1,3,"(2, 4, 5, 7, 16, 22, 24)",1,267,anchor_worst_targeted,"[45, 85, 105, 135, 150, 190, 240, 245, 285, 300, 305, 340, 345, 355, 360]",0.00000000,"[0.00000000, 0.00000000, 0.00000000, 0.00000000, 0.00000000, 0.00000000, 0.00000000]",0.33500000,0.46123810,6->16
7,7,8,1,3,"(2, 4, 5, 7, 16, 22, 24)",2,100,anchor_worst_targeted,"[50, 65, 105, 130, 155, 175, 190, 200, 210, 240, 290, 300, 305, 315, 355]",0.00000000,"[0.00000000, 0.00000000, 0.00000000, 0.00000000, 0.00000000, 0.00000000, 0.00000000]",0.32600000,0.45089286,11->4
7,7,8,1,3,"(2, 4, 5, 7, 16, 22, 24)",3,91,anchor_worst_targeted,"[50, 65, 105, 130, 155, 175, 190, 200, 210, 240, 290, 300, 305, 315, 355]",0.00000000,"[0.00000000, 0.00000000, 0.00000000, 0.00000000, 0.00000000, 0.00000000, 0.00000000]",0.32000000,0.44917857,21->2
7,7,8,1,3,"(2, 4, 5, 7, 16, 22, 24)",4,97,anchor_worst_targeted,"[50, 65, 105, 130, 155, 175, 190, 200, 210, 240, 290, 300, 305, 315, 355]",0.00000000,"[0.00000000, 0.00000000, 0.00000000, 0.00000000, 0.00000000, 0.00000000, 0.00000000]",0.31800000,0.45565476,15->16
7,7,8,1,3,"(2, 4, 5, 7, 16, 22, 24)",5,294,anchor_worst_targeted,"[5, 10, 25, 35, 45, 50, 90, 100, 140, 180, 265, 270, 295, 315, 355]",0.00000000,"[0.00000000, 0.00000000, 0.00000000, 0.00000000, 0.00000000, 0.00000000, 0.00000000]",0.31500000,0.45589286,15->24
7,7,8,1,3,"(2, 4, 5, 7, 16, 22, 24)",6,276,anchor_worst_targeted,"[45, 85, 105, 135, 150, 190, 240, 245, 285, 300, 305, 340, 345, 355, 360]",0.00000000,"[0.00000000, 0.00000000, 0.00000000, 0.00000000, 0.00000000, 0.00000000, 0.00000000]",0.31400000,0.45548810,6->16
7,7,8,1,3,"(2, 4, 5, 7, 16, 22, 24)",7,84,anchor_worst_targeted,"[15, 25, 35, 65, 115, 180, 225, 270, 275, 280, 295, 315, 325, 340, 365]",0.00000000,"[0.00000000, 0.00000000, 0.00000000, 0.00000000, 0.00000000, 0.00000000, 0.00000000]",0.25800000,0.45110714,6->7
7,7,8,1,3,"(2, 4, 5, 7, 16, 22, 24)",8,79,anchor_worst_targeted,"[15, 25, 35, 65, 115, 180, 225, 270, 275, 280, 295, 315, 325, 340, 365]",0.00000000,"[0.00000000, 0.00000000, 0.00000000, 0.00000000, 0.00000000, 0.00000000, 0.00000000]",0.26000000,0.45482143,28->4
7,7,8,1,3,"(2, 4, 5, 7, 16, 22, 24)",9,82,anchor_worst_targeted,"[15, 25, 35, 65, 115, 180, 225, 270, 275, 280, 295, 315, 325, 340, 365]",0.00000000,"[0.00000000, 0.00000000, 0.00000000, 0.00000000, 0.00000000, 0.00000000, 0.00000000]",0.24400000,0.45420238,6->7
7,7,8,1,3,"(2, 4, 5, 7, 16, 22, 24)",10,86,anchor_worst_targeted,"[15, 25, 35, 65, 115, 180, 225, 270, 275, 280, 295, 315, 325, 340, 365]",0.00000000,"[0.00000000, 0.00000000, 0.00000000, 0.00000000, 0.00000000, 0.00000000, 0.00000000]",0.26400000,0.45266667,6->7
7,7,8,1,3,"(2, 4, 5, 7, 16, 22, 24)",11,67,anchor_worst_targeted,"[5, 30, 55, 80, 105, 130, 155, 180, 205, 230, 255, 280, 305, 330, 355]",0.00000000,"[0.00000000, 0.00000000, 0.00000000, 0.00000000, 0.00000000, 0.00000000, 0.00000000]",0.20400000,0.44852381,15->5
7,7,8,1,3,"(2, 4, 5, 7, 16, 22, 24)",12,335,anchor_worst_targeted,"[10, 30, 45, 85, 95, 115, 150, 220, 230, 250, 290, 310, 335, 345, 355]",0.00000000,"[0.00000000, 0.00000000, 0.00000000, 0.00000000, 0.00000000, 0.00000000, 0.00000000]",0.16600000,0.45117857,11->4
7,7,8,1,3,"(2, 4, 5, 7, 16, 22, 24)",13,93,anchor_worst_targeted,"[50, 65, 105, 130, 155, 175, 190, 200, 210, 240, 290, 300, 305, 315, 355]",0.00000000,"[0.00000000, 0.00000000, 0.00000000, 0.00000000, 0.00000000, 0.00000000, 0.00000000]",0.25700000,0.45161905,21->2
7,7,8,1,3,"(2, 4, 5, 7, 16, 22, 24)",14,350,anchor_worst_targeted,"[15, 30, 65, 85, 155, 165, 180, 205, 210, 230, 270, 295, 310, 315, 335]",0.00000000,"[0.00000000, 0.00000000, 0.00000000, 0.00000000, 0.00000000, 0.00000000, 0.00000000]",0.19500000,0.44926190,6->5
7,7,8,1,3,"(2, 4, 5, 7, 16, 22, 24)",15,76,anchor_worst_targeted,"[15, 25, 35, 65, 115, 180, 225, 270, 275, 280, 295, 315, 325, 340, 365]",0.00000000,"[0.00000000, 0.00000000, 0.00000000, 0.00000000, 0.00000000, 0.00000000, 0.00000000]",0.26700000,0.45215476,6->7
7,7,8,1,3,"(2, 4, 5, 7, 16, 22, 24)",16,136,anchor_worst_targeted,"[5, 45, 55, 105, 120, 125, 130, 170, 185, 245, 265, 270, 300, 310, 335]",0.00000000,"[0.00000000, 0.00000000, 0.00000000, 0.00000000, 0.00000000, 0.00000000, 0.00000000]",0.13900000,0.44795238,9->4
7,7,8,1,3,"(2, 4, 5, 7, 16, 22, 24)",17,23,baseline_global_guarded,"[30, 40, 45, 75, 90, 185, 205, 245, 290, 305, 310, 325, 330, 340, 360]",0.00000000,"[0.00000000, 0.00000000, 0.00000000, 0.00000000, 0.00000000, 0.00000000, 0.00000000]",0.29800000,0.45969048,20->7
7,7,8,1,3,"(2, 4, 5, 7, 16, 22, 24)",18,271,anchor_worst_targeted,"[45, 85, 105, 135, 150, 190, 240, 245, 285, 300, 305, 340, 345, 355, 360]",0.00000000,"[0.00000000, 0.00000000, 0.00000000, 0.00000000, 0.00000000, 0.00000000, 0.00000000]",0.28900000,0.45939286,6->7
7,7,8,1,3,"(2, 4, 5, 7, 16, 22, 24)",19,272,anchor_worst_targeted,"[45, 85, 105, 135, 150, 190, 240, 245, 285, 300, 305, 340, 345, 355, 360]",0.00000000,"[0.00000000, 0.00000000, 0.00000000, 0.00000000, 0.00000000, 0.00000000, 0.00000000]",0.30700000,0.45927381,27->22
7,7,8,1,3,"(2, 4, 5, 7, 16, 22, 24)",20,286,anchor_worst_targeted,"[5, 10, 25, 35, 45, 50, 90, 100, 140, 180, 265, 270, 295, 315, 355]",0.00000000,"[0.00000000, 0.00000000, 0.00000000, 0.00000000, 0.00000000, 0.00000000, 0.00000000]",0.31000000,0.45898810,11->4
