k,real_k,effective_k,virtual_stream_count,target_effective_k,sample_index,position_combination,selected_candidate_count,common_route_count,excluded_illegal_positions,authorized_max_ber,authorized_position_bers,security_min_route_min_ber,security_avg_route_min_ber,worst_route,optimizer,usage_ratio,usage_counts,selected_candidate_ids,selected_probe_sets
2,2,8,6,8,1,"(4, 11)",10,32,"[1, 5]",0.00000000,"[0.00000000, 0.00000000]",0.24200000,0.41400000,25->11,best_single_fallback,"[0.00000000, 0.00000000, 0.00000000, 0.00000000, 0.00000000, 0.00000000, 0.00000000, 0.00000000, 1.00000000, 0.00000000]","[0, 0, 0, 0, 0, 0, 0, 0, 1000, 0]","[181, 21, 97, 224, 70, 227, 226, 274, 292, 87]","[20, 30, 80, 105, 150, 170, 175, 210, 240, 260, 270, 295, 315, 320, 325] | [35, 45, 60, 110, 150, 175, 185, 200, 220, 240, 270, 325, 335, 345, 355] | [45, 50, 55, 75, 85, 135, 165, 225, 240, 245, 280, 285, 300, 335, 350] | [10, 30, 55, 60, 80, 90, 115, 190, 225, 245, 280, 285, 315, 330, 360] | [5, 10, 60, 80, 85, 130, 175, 210, 225, 230, 250, 285, 325, 335, 365] | [10, 30, 55, 60, 80, 90, 115, 190, 225, 245, 280, 285, 315, 330, 360] | [10, 30, 55, 60, 80, 90, 115, 190, 225, 245, 280, 285, 315, 330, 360] | [15, 110, 120, 150, 170, 185, 235, 245, 260, 275, 305, 310, 320, 330, 355] | [10, 30, 95, 125, 140, 170, 240, 250, 260, 280, 285, 295, 310, 315, 325] | [5, 40, 45, 50, 90, 100, 115, 130, 135, 215, 285, 305, 320, 325, 355]"
2,2,8,6,8,2,"(9, 18)",10,32,"[1, 5]",0.00000000,"[0.00000000, 0.00000000]",0.23600000,0.42500000,7->18,best_single_fallback,"[0.00000000, 0.00000000, 0.00000000, 0.00000000, 0.00000000, 1.00000000, 0.00000000, 0.00000000, 0.00000000, 0.00000000]","[0, 0, 0, 0, 0, 1000, 0, 0, 0, 0]","[45, 172, 56, 251, 55, 59, 60, 95, 97, 168]","[5, 10, 30, 45, 105, 130, 165, 200, 210, 220, 280, 295, 320, 325, 350] | [5, 45, 80, 120, 135, 180, 200, 220, 285, 315, 320, 325, 330, 355, 365] | [10, 30, 50, 110, 120, 125, 130, 165, 170, 175, 185, 220, 250, 265, 315] | [15, 30, 35, 90, 100, 105, 120, 130, 140, 215, 240, 245, 250, 255, 280] | [10, 30, 50, 110, 120, 125, 130, 165, 170, 175, 185, 220, 250, 265, 315] | [10, 30, 50, 110, 120, 125, 130, 165, 170, 175, 185, 220, 250, 265, 315] | [10, 30, 50, 110, 120, 125, 130, 165, 170, 175, 185, 220, 250, 265, 315] | [15, 45, 85, 100, 110, 115, 135, 150, 180, 205, 230, 240, 255, 310, 355] | [15, 45, 85, 100, 110, 115, 135, 150, 180, 205, 230, 240, 255, 310, 355] | [5, 45, 80, 120, 135, 180, 200, 220, 285, 315, 320, 325, 330, 355, 365]"
2,2,8,6,8,3,"(1, 20)",10,34,[5],0.00000000,"[0.00000000, 0.00000000]",0.32400000,0.44194118,6->1,best_single_fallback,"[0.00000000, 0.00000000, 0.00000000, 0.00000000, 0.00000000, 0.00000000, 1.00000000, 0.00000000, 0.00000000, 0.00000000]","[0, 0, 0, 0, 0, 0, 1000, 0, 0, 0]","[57, 60, 56, 55, 146, 59, 58, 143, 54, 155]","[45, 50, 85, 105, 120, 130, 175, 210, 225, 245, 260, 290, 325, 335, 340] | [45, 50, 85, 105, 120, 130, 175, 210, 225, 245, 260, 290, 325, 335, 340] | [45, 50, 85, 105, 120, 130, 175, 210, 225, 245, 260, 290, 325, 335, 340] | [45, 50, 85, 105, 120, 130, 175, 210, 225, 245, 260, 290, 325, 335, 340] | [10, 15, 35, 70, 85, 105, 120, 140, 155, 200, 220, 255, 305, 310, 335] | [45, 50, 85, 105, 120, 130, 175, 210, 225, 245, 260, 290, 325, 335, 340] | [45, 50, 85, 105, 120, 130, 175, 210, 225, 245, 260, 290, 325, 335, 340] | [10, 15, 35, 70, 85, 105, 120, 140, 155, 200, 220, 255, 305, 310, 335] | [45, 50, 85, 105, 120, 130, 175, 210, 225, 245, 260, 290, 325, 335, 340] | [10, 45, 65, 85, 135, 150, 160, 170, 195, 210, 230, 250, 255, 285, 320]"
2,2,8,6,8,4,"(24, 27)",10,32,"[1, 5]",0.00000000,"[0.00000000, 0.00000000]",0.14500000,0.41556250,20->27,best_single_fallback,"[0.00000000, 0.00000000, 0.00000000, 1.00000000, 0.00000000, 0.00000000, 0.00000000, 0.00000000, 0.00000000, 0.00000000]","[0, 0, 0, 1000, 0, 0, 0, 0, 0, 0]","[53, 141, 301, 155, 154, 152, 151, 150, 202, 96]","[25, 40, 130, 155, 160, 170, 220, 240, 275, 295, 300, 305, 315, 355, 360] | [30, 45, 85, 100, 165, 185, 190, 195, 205, 225, 265, 285, 305, 310, 320] | [5, 40, 45, 50, 115, 130, 185, 205, 225, 240, 260, 285, 290, 300, 330] | [10, 45, 50, 60, 75, 130, 140, 150, 155, 240, 320, 345, 350, 355, 365] | [10, 45, 50, 60, 75, 130, 140, 150, 155, 240, 320, 345, 350, 355, 365] | [10, 45, 50, 60, 75, 130, 140, 150, 155, 240, 320, 345, 350, 355, 365] | [10, 45, 50, 60, 75, 130, 140, 150, 155, 240, 320, 345, 350, 355, 365] | [10, 45, 50, 60, 75, 130, 140, 150, 155, 240, 320, 345, 350, 355, 365] | [10, 20, 25, 50, 55, 100, 120, 150, 200, 215, 230, 250, 270, 280, 295] | [35, 50, 125, 145, 150, 160, 185, 200, 245, 270, 300, 305, 325, 360, 365]"
2,2,8,6,8,5,"(1, 7)",10,34,[5],0.00000000,"[0.00000000, 0.00000000]",0.21300000,0.41647059,24->7,best_single_fallback,"[0.00000000, 0.00000000, 0.00000000, 0.00000000, 0.00000000, 0.00000000, 1.00000000, 0.00000000, 0.00000000, 0.00000000]","[0, 0, 0, 0, 0, 0, 1000, 0, 0, 0]","[77, 75, 72, 111, 76, 80, 74, 112, 79, 113]","[5, 25, 55, 65, 90, 110, 145, 180, 195, 255, 305, 335, 345, 360, 365] | [65, 145, 160, 175, 190, 210, 220, 225, 250, 265, 280, 325, 335, 360, 365] | [65, 145, 160, 175, 190, 210, 220, 225, 250, 265, 280, 325, 335, 360, 365] | [45, 55, 75, 100, 110, 115, 140, 160, 185, 195, 220, 245, 280, 320, 360] | [65, 145, 160, 175, 190, 210, 220, 225, 250, 265, 280, 325, 335, 360, 365] | [5, 25, 55, 65, 90, 110, 145, 180, 195, 255, 305, 335, 345, 360, 365] | [65, 145, 160, 175, 190, 210, 220, 225, 250, 265, 280, 325, 335, 360, 365] | [45, 55, 75, 100, 110, 115, 140, 160, 185, 195, 220, 245, 280, 320, 360] | [5, 25, 55, 65, 90, 110, 145, 180, 195, 255, 305, 335, 345, 360, 365] | [45, 55, 75, 100, 110, 115, 140, 160, 185, 195, 220, 245, 280, 320, 360]"
2,2,8,6,8,6,"(17, 20)",10,32,"[1, 5]",0.00000000,"[0.00000000, 0.00000000]",0.23900000,0.39500000,28->17,best_single_fallback,"[0.00000000, 0.00000000, 0.00000000, 0.00000000, 0.00000000, 0.00000000, 0.00000000, 1.00000000, 0.00000000, 0.00000000]","[0, 0, 0, 0, 0, 0, 0, 1000, 0, 0]","[37, 285, 324, 286, 112, 288, 292, 290, 233, 295]","[60, 75, 175, 185, 215, 240, 260, 275, 280, 285, 300, 310, 315, 350, 355] | [5, 15, 35, 45, 90, 145, 175, 180, 205, 280, 315, 320, 335, 345, 365] | [15, 20, 75, 135, 155, 160, 175, 180, 195, 205, 215, 235, 305, 335, 365] | [5, 15, 35, 45, 90, 145, 175, 180, 205, 280, 315, 320, 335, 345, 365] | [10, 20, 60, 105, 115, 150, 165, 220, 225, 230, 265, 270, 275, 290, 360] | [5, 15, 35, 45, 90, 145, 175, 180, 205, 280, 315, 320, 335, 345, 365] | [5, 15, 35, 45, 90, 145, 175, 180, 205, 280, 315, 320, 335, 345, 365] | [5, 15, 35, 45, 90, 145, 175, 180, 205, 280, 315, 320, 335, 345, 365] | [15, 20, 45, 70, 90, 180, 195, 200, 220, 235, 265, 290, 320, 340, 350] | [5, 30, 55, 65, 75, 105, 125, 145, 180, 200, 225, 280, 325, 335, 365]"
2,2,8,6,8,7,"(5, 7)",10,34,[1],0.00000000,"[0.00000000, 0.00000000]",0.24900000,0.43497059,28->5,best_single_fallback,"[0.00000000, 0.00000000, 0.00000000, 0.00000000, 0.00000000, 0.00000000, 0.00000000, 1.00000000, 0.00000000, 0.00000000]","[0, 0, 0, 0, 0, 0, 0, 1000, 0, 0]","[140, 134, 138, 137, 198, 203, 5, 200, 139, 135]","[55, 60, 65, 80, 145, 160, 185, 200, 245, 250, 260, 265, 305, 340, 360] | [55, 60, 65, 80, 145, 160, 185, 200, 245, 250, 260, 265, 305, 340, 360] | [55, 60, 65, 80, 145, 160, 185, 200, 245, 250, 260, 265, 305, 340, 360] | [55, 60, 65, 80, 145, 160, 185, 200, 245, 250, 260, 265, 305, 340, 360] | [10, 20, 25, 30, 65, 75, 80, 90, 105, 170, 205, 270, 290, 335, 360] | [10, 20, 25, 30, 65, 75, 80, 90, 105, 170, 205, 270, 290, 335, 360] | [5, 30, 55, 80, 105, 130, 155, 180, 205, 230, 255, 280, 305, 330, 355] | [10, 20, 25, 30, 65, 75, 80, 90, 105, 170, 205, 270, 290, 335, 360] | [55, 60, 65, 80, 145, 160, 185, 200, 245, 250, 260, 265, 305, 340, 360] | [55, 60, 65, 80, 145, 160, 185, 200, 245, 250, 260, 265, 305, 340, 360]"
2,2,8,6,8,8,"(7, 16)",10,32,"[1, 5]",0.00000000,"[0.00000000, 0.00000000]",0.13100000,0.40537500,22->7,best_single_fallback,"[0.00000000, 0.00000000, 0.00000000, 0.00000000, 0.00000000, 1.00000000, 0.00000000, 0.00000000, 0.00000000, 0.00000000]","[0, 0, 0, 0, 0, 1000, 0, 0, 0, 0]","[1, 221, 220, 214, 153, 154, 217, 219, 215, 156]","[5, 30, 55, 80, 105, 130, 155, 180, 205, 230, 255, 280, 305, 330, 355] | [45, 50, 55, 60, 95, 160, 175, 180, 185, 225, 285, 315, 330, 345, 355] | [45, 55, 100, 130, 140, 175, 200, 210, 215, 225, 235, 265, 275, 305, 350] | [45, 55, 100, 130, 140, 175, 200, 210, 215, 225, 235, 265, 275, 305, 350] | [15, 20, 40, 50, 100, 145, 170, 180, 240, 245, 290, 300, 325, 340, 350] | [15, 20, 40, 50, 100, 145, 170, 180, 240, 245, 290, 300, 325, 340, 350] | [45, 55, 100, 130, 140, 175, 200, 210, 215, 225, 235, 265, 275, 305, 350] | [45, 55, 100, 130, 140, 175, 200, 210, 215, 225, 235, 265, 275, 305, 350] | [45, 55, 100, 130, 140, 175, 200, 210, 215, 225, 235, 265, 275, 305, 350] | [15, 20, 40, 50, 100, 145, 170, 180, 240, 245, 290, 300, 325, 340, 350]"
2,2,8,6,8,9,"(2, 7)",10,32,"[1, 5]",0.00000000,"[0.00000000, 0.00000000]",0.23900000,0.43681250,15->2,best_single_fallback,"[0.00000000, 0.00000000, 1.00000000, 0.00000000, 0.00000000, 0.00000000, 0.00000000, 0.00000000, 0.00000000, 0.00000000]","[0, 0, 1000, 0, 0, 0, 0, 0, 0, 0]","[45, 35, 259, 264, 23, 31, 120, 284, 282, 267]","[25, 40, 115, 135, 140, 185, 210, 215, 235, 255, 285, 315, 340, 355, 365] | [30, 45, 80, 85, 90, 100, 105, 110, 190, 215, 250, 295, 305, 310, 320] | [70, 80, 140, 155, 185, 220, 255, 265, 275, 285, 290, 305, 315, 355, 360] | [35, 65, 80, 85, 115, 135, 145, 200, 205, 215, 285, 290, 300, 310, 330] | [75, 90, 130, 135, 155, 165, 185, 210, 225, 245, 275, 285, 315, 350, 365] | [30, 45, 80, 85, 90, 100, 105, 110, 190, 215, 250, 295, 305, 310, 320] | [5, 55, 75, 90, 95, 120, 160, 175, 185, 200, 215, 235, 295, 345, 365] | [30, 35, 50, 75, 140, 165, 190, 195, 205, 210, 215, 260, 300, 310, 350] | [30, 35, 50, 75, 140, 165, 190, 195, 205, 210, 215, 260, 300, 310, 350] | [35, 65, 80, 85, 115, 135, 145, 200, 205, 215, 285, 290, 300, 310, 330]"
2,2,8,6,8,10,"(17, 28)",10,32,"[1, 5]",0.00000000,"[0.00000000, 0.00000000]",0.25000000,0.41537500,20->17,best_single_fallback,"[0.00000000, 0.00000000, 1.00000000, 0.00000000, 0.00000000, 0.00000000, 0.00000000, 0.00000000, 0.00000000, 0.00000000]","[0, 0, 1000, 0, 0, 0, 0, 0, 0, 0]","[304, 148, 236, 305, 193, 132, 147, 196, 308, 131]","[15, 20, 55, 80, 130, 135, 160, 165, 230, 240, 255, 270, 285, 360, 365] | [10, 50, 60, 70, 85, 105, 145, 165, 220, 240, 290, 300, 310, 335, 355] | [5, 10, 15, 40, 70, 80, 85, 90, 140, 175, 195, 270, 275, 300, 350] | [15, 20, 55, 80, 130, 135, 160, 165, 230, 240, 255, 270, 285, 360, 365] | [10, 25, 40, 110, 130, 150, 175, 205, 225, 235, 285, 290, 295, 310, 330] | [45, 60, 90, 145, 155, 165, 185, 190, 225, 235, 255, 265, 295, 325, 355] | [10, 50, 60, 70, 85, 105, 145, 165, 220, 240, 290, 300, 310, 335, 355] | [10, 25, 40, 110, 130, 150, 175, 205, 225, 235, 285, 290, 295, 310, 330] | [15, 20, 55, 80, 130, 135, 160, 165, 230, 240, 255, 270, 285, 360, 365] | [45, 60, 90, 145, 155, 165, 185, 190, 225, 235, 255, 265, 295, 325, 355]"
2,2,8,6,8,11,"(7, 22)",10,32,"[1, 5]",0.00000000,"[0.00000000, 0.00000000]",0.15600000,0.42762500,21->7,best_single_fallback,"[0.00000000, 0.00000000, 0.00000000, 0.00000000, 0.00000000, 1.00000000, 0.00000000, 0.00000000, 0.00000000, 0.00000000]","[0, 0, 0, 0, 0, 1000, 0, 0, 0, 0]","[297, 296, 294, 166, 52, 172, 4, 300, 255, 295]","[15, 20, 30, 40, 85, 140, 145, 175, 180, 215, 220, 240, 275, 305, 325] | [15, 20, 30, 40, 85, 140, 145, 175, 180, 215, 220, 240, 275, 305, 325] | [15, 20, 30, 40, 85, 140, 145, 175, 180, 215, 220, 240, 275, 305, 325] | [40, 60, 70, 120, 130, 150, 180, 220, 245, 255, 260, 270, 290, 315, 330] | [90, 100, 115, 125, 130, 135, 160, 165, 170, 195, 230, 310, 315, 330, 340] | [40, 60, 70, 120, 130, 150, 180, 220, 245, 255, 260, 270, 290, 315, 330] | [5, 30, 55, 80, 105, 130, 155, 180, 205, 230, 255, 280, 305, 330, 355] | [15, 20, 30, 40, 85, 140, 145, 175, 180, 215, 220, 240, 275, 305, 325] | [60, 95, 100, 135, 180, 205, 235, 240, 265, 275, 295, 330, 335, 350, 355] | [15, 20, 30, 40, 85, 140, 145, 175, 180, 215, 220, 240, 275, 305, 325]"
2,2,8,6,8,12,"(18, 26)",10,32,"[1, 5]",0.00000000,"[0.00000000, 0.00000000]",0.24200000,0.41856250,20->18,best_single_fallback,"[0.00000000, 0.00000000, 0.00000000, 1.00000000, 0.00000000, 0.00000000, 0.00000000, 0.00000000, 0.00000000, 0.00000000]","[0, 0, 0, 1000, 0, 0, 0, 0, 0, 0]","[101, 61, 173, 49, 185, 324, 116, 323, 48, 52]","[20, 30, 40, 50, 60, 85, 100, 135, 140, 150, 180, 215, 235, 265, 355] | [10, 20, 25, 50, 55, 65, 70, 105, 125, 130, 135, 140, 225, 265, 280] | [10, 75, 105, 140, 155, 170, 180, 185, 205, 245, 280, 305, 315, 340, 365] | [20, 35, 55, 115, 125, 130, 135, 140, 155, 180, 185, 230, 285, 320, 350] | [15, 75, 80, 110, 120, 155, 160, 165, 175, 235, 280, 305, 330, 340, 365] | [95, 100, 105, 120, 135, 185, 200, 220, 225, 235, 250, 275, 315, 325, 365] | [40, 85, 100, 135, 170, 180, 205, 215, 220, 235, 290, 300, 330, 340, 345] | [95, 100, 105, 120, 135, 185, 200, 220, 225, 235, 250, 275, 315, 325, 365] | [20, 35, 55, 115, 125, 130, 135, 140, 155, 180, 185, 230, 285, 320, 350] | [20, 35, 55, 115, 125, 130, 135, 140, 155, 180, 185, 230, 285, 320, 350]"
2,2,8,6,8,13,"(2, 22)",10,32,"[1, 5]",0.00000000,"[0.00000000, 0.00000000]",0.35008103,0.42393778,24->22,linprog,"[0.19044306, 0.46733594, 0.04156987, 0.08071993, 0.06916123, 0.04956483, 0.00000000, 0.06889137, 0.03231378, 0.00000000]","[190, 467, 42, 81, 69, 50, 0, 69, 32, 0]","[184, 1608, 461, 813, 1029, 901, 197, 381, 821, 1549]","[5, 25, 45, 50, 55, 110, 115, 130, 145, 165, 170, 185, 290, 300, 325] | [15, 20, 35, 45, 60, 110, 120, 165, 190, 215, 235, 245, 270, 295, 330] | [65, 85, 165, 200, 235, 250, 255, 260, 265, 275, 285, 305, 330, 345, 360] | [20, 50, 55, 75, 95, 100, 110, 120, 125, 175, 190, 200, 235, 255, 275] | [10, 30, 45, 80, 95, 150, 160, 245, 250, 255, 305, 310, 320, 335, 340] | [25, 80, 85, 95, 105, 110, 125, 155, 180, 225, 230, 280, 285, 310, 355] | [25, 40, 60, 80, 115, 135, 155, 160, 185, 210, 215, 315, 320, 330, 345] | [70, 80, 105, 125, 145, 150, 155, 200, 230, 285, 295, 305, 310, 330, 335] | [5, 10, 25, 100, 160, 170, 185, 210, 215, 250, 255, 320, 330, 335, 360] | [15, 25, 35, 80, 145, 150, 160, 175, 180, 190, 205, 245, 325, 330, 360]"
2,2,8,6,8,14,"(4, 7)",10,32,"[1, 5]",0.00000000,"[0.00000000, 0.00000000]",0.34874484,0.42255128,15->4,linprog,"[0.00000000, 0.07593486, 0.19764260, 0.12920644, 0.00000000, 0.12848166, 0.00000000, 0.00000000, 0.22532833, 0.24340611]","[0, 76, 198, 129, 0, 129, 0, 0, 225, 243]","[117, 221, 845, 661, 101, 413, 965, 1477, 109, 1513]","[15, 65, 115, 130, 150, 170, 185, 230, 240, 245, 255, 295, 305, 315, 355] | [5, 25, 30, 70, 75, 125, 150, 215, 230, 250, 255, 275, 330, 345, 355] | [50, 60, 135, 155, 170, 180, 200, 210, 225, 265, 295, 310, 325, 340, 365] | [15, 30, 35, 50, 120, 140, 170, 185, 200, 240, 245, 265, 310, 315, 330] | [5, 15, 55, 110, 115, 120, 125, 155, 170, 175, 210, 220, 230, 320, 355] | [55, 65, 70, 80, 90, 95, 115, 140, 150, 165, 170, 195, 245, 280, 335] | [30, 70, 110, 125, 130, 150, 190, 200, 220, 240, 265, 280, 320, 330, 350] | [30, 70, 75, 175, 180, 190, 210, 230, 245, 265, 275, 280, 295, 345, 365] | [5, 20, 30, 60, 80, 140, 170, 180, 250, 270, 275, 295, 315, 355, 365] | [5, 10, 20, 25, 105, 135, 165, 195, 210, 225, 260, 270, 315, 320, 365]"
2,2,8,6,8,15,"(4, 27)",10,32,"[1, 5]",0.00000000,"[0.00000000, 0.00000000]",0.43526587,0.46914824,16->27,linprog,"[0.12811678, 0.04992941, 0.00000000, 0.06408021, 0.29453435, 0.16221744, 0.00000000, 0.16131808, 0.00000000, 0.13980373]","[128, 50, 0, 64, 295, 162, 0, 161, 0, 140]","[1349, 1501, 1382, 274, 952, 875, 752, 1604, 1388, 128]","[30, 45, 105, 120, 125, 200, 210, 220, 225, 255, 285, 305, 310, 320, 335] | [5, 55, 70, 80, 120, 135, 140, 150, 160, 170, 190, 220, 225, 275, 285] | [15, 35, 45, 85, 95, 100, 105, 115, 130, 145, 205, 240, 245, 265, 280] | [30, 50, 75, 85, 95, 100, 140, 175, 195, 210, 240, 250, 280, 330, 355] | [25, 35, 80, 90, 105, 115, 160, 185, 190, 240, 250, 270, 275, 335, 345] | [10, 45, 60, 85, 90, 100, 105, 210, 240, 275, 300, 305, 320, 330, 355] | [35, 40, 60, 70, 100, 130, 145, 150, 160, 235, 240, 285, 305, 320, 325] | [15, 40, 55, 80, 85, 95, 115, 130, 195, 210, 215, 225, 265, 310, 365] | [15, 35, 45, 85, 95, 100, 105, 115, 130, 145, 205, 240, 245, 265, 280] | [50, 55, 65, 100, 180, 185, 220, 230, 250, 275, 290, 295, 305, 325, 330]"
2,2,8,6,8,16,"(6, 27)",10,32,"[1, 5]",0.00000000,"[0.00000000, 0.00000000]",0.39930580,0.45349132,11->27,linprog,"[0.00000000, 0.00000000, 0.03320290, 0.00000000, 0.09677113, 0.02295331, 0.00000000, 0.14920875, 0.37927189, 0.31859202]","[0, 0, 33, 0, 97, 23, 0, 149, 379, 319]","[749, 661, 901, 565, 301, 1494, 1499, 708, 1220, 1243]","[10, 65, 80, 90, 135, 180, 225, 240, 280, 295, 300, 315, 325, 330, 355] | [15, 60, 65, 85, 95, 110, 120, 150, 175, 210, 235, 280, 290, 315, 345] | [10, 40, 60, 95, 100, 125, 175, 215, 230, 245, 270, 290, 300, 340, 355] | [20, 50, 105, 110, 125, 150, 185, 220, 225, 230, 265, 290, 295, 320, 360] | [15, 20, 25, 80, 85, 90, 135, 160, 170, 175, 215, 225, 280, 310, 315] | [20, 40, 60, 90, 105, 120, 125, 130, 165, 190, 220, 230, 285, 295, 350] | [20, 40, 60, 90, 105, 120, 125, 130, 165, 190, 220, 230, 285, 295, 350] | [15, 20, 65, 75, 120, 125, 135, 150, 160, 200, 275, 285, 290, 300, 350] | [30, 45, 75, 100, 105, 110, 185, 190, 205, 225, 235, 240, 250, 270, 340] | [30, 70, 80, 115, 155, 195, 235, 250, 255, 260, 270, 300, 315, 330, 350]"
2,2,8,6,8,17,"(15, 17)",10,32,"[1, 5]",0.00000000,"[0.00000000, 0.00000000]",0.37139576,0.43549590,7->17,linprog,"[0.18786924, 0.00000000, 0.13445974, 0.00000000, 0.00909494, 0.00000000, 0.02258202, 0.56467021, 0.08132384, 0.00000000]","[188, 0, 134, 0, 9, 0, 23, 565, 81, 0]","[1033, 1157, 773, 1405, 541, 277, 661, 744, 1032, 1034]","[15, 25, 55, 85, 90, 100, 120, 130, 155, 160, 200, 240, 275, 285, 320] | [10, 15, 35, 40, 45, 55, 140, 220, 235, 240, 260, 265, 310, 315, 365] | [35, 80, 95, 105, 130, 205, 215, 240, 245, 285, 325, 335, 340, 345, 350] | [35, 70, 105, 115, 130, 135, 150, 175, 195, 205, 225, 300, 305, 325, 365] | [30, 40, 45, 80, 135, 155, 180, 195, 215, 285, 305, 310, 330, 345, 360] | [10, 90, 110, 140, 150, 160, 175, 185, 210, 215, 245, 280, 305, 315, 320] | [80, 95, 100, 110, 115, 135, 140, 195, 235, 240, 295, 305, 310, 350, 365] | [70, 90, 95, 125, 130, 140, 145, 155, 265, 290, 325, 345, 350, 355, 360] | [15, 25, 55, 85, 90, 100, 120, 130, 155, 160, 200, 240, 275, 285, 320] | [15, 25, 55, 85, 90, 100, 120, 130, 155, 160, 200, 240, 275, 285, 320]"
2,2,8,6,8,18,"(20, 27)",10,32,"[1, 5]",0.00000000,"[0.00000000, 0.00000000]",0.37570756,0.44462604,18->20,linprog,"[0.10648664, 0.00000000, 0.00000000, 0.06826308, 0.06530006, 0.23720386, 0.11894822, 0.12041491, 0.28338323, 0.00000000]","[107, 0, 0, 68, 65, 237, 119, 121, 283, 0]","[53, 1029, 149, 1053, 1317, 1446, 941, 589, 946, 1447]","[10, 20, 30, 45, 50, 65, 80, 100, 175, 195, 235, 275, 280, 300, 340] | [50, 60, 80, 95, 120, 135, 165, 185, 195, 210, 235, 295, 300, 335, 355] | [5, 15, 20, 85, 115, 120, 160, 165, 180, 235, 275, 295, 305, 325, 330] | [5, 10, 35, 45, 85, 110, 135, 140, 155, 190, 245, 270, 280, 300, 365] | [40, 65, 95, 100, 130, 140, 165, 245, 280, 295, 310, 315, 330, 340, 350] | [35, 45, 50, 135, 140, 145, 150, 165, 170, 255, 275, 280, 290, 325, 345] | [25, 30, 45, 60, 80, 95, 110, 120, 220, 230, 235, 255, 270, 345, 365] | [15, 70, 100, 120, 150, 155, 165, 170, 240, 280, 305, 315, 325, 330, 355] | [25, 30, 45, 60, 80, 95, 110, 120, 220, 230, 235, 255, 270, 345, 365] | [35, 45, 50, 135, 140, 145, 150, 165, 170, 255, 275, 280, 290, 325, 345]"
2,2,8,6,8,19,"(15, 26)",10,32,"[1, 5]",0.00000000,"[0.00000000, 0.00000000]",0.36009116,0.43129766,22->15,linprog,"[0.03016972, 0.01269212, 0.20312805, 0.00000000, 0.00000000, 0.12193410, 0.00000000, 0.14015688, 0.24467474, 0.24724439]","[30, 13, 203, 0, 0, 122, 0, 140, 245, 247]","[1469, 1501, 429, 1386, 234, 1270, 1384, 827, 1383, 1305]","[5, 20, 75, 90, 130, 145, 170, 235, 250, 270, 310, 335, 345, 355, 365] | [25, 80, 85, 95, 120, 130, 135, 140, 155, 250, 265, 310, 320, 350, 365] | [25, 30, 45, 80, 105, 130, 155, 165, 170, 180, 205, 215, 225, 255, 360] | [10, 20, 110, 170, 175, 190, 195, 220, 240, 290, 300, 320, 335, 340, 360] | [25, 75, 110, 120, 135, 175, 220, 255, 260, 275, 290, 300, 320, 335, 360] | [25, 90, 95, 155, 160, 170, 220, 250, 255, 270, 285, 290, 310, 335, 340] | [10, 20, 110, 170, 175, 190, 195, 220, 240, 290, 300, 320, 335, 340, 360] | [35, 40, 55, 70, 100, 165, 210, 240, 250, 310, 320, 325, 330, 335, 360] | [10, 20, 110, 170, 175, 190, 195, 220, 240, 290, 300, 320, 335, 340, 360] | [5, 15, 50, 65, 80, 105, 140, 175, 190, 210, 220, 225, 260, 285, 350]"
2,2,8,6,8,20,"(9, 25)",10,32,"[1, 5]",0.00000000,"[0.00000000, 0.00000000]",0.38170279,0.43211262,16->9,linprog,"[0.00000000, 0.01443119, 0.00000000, 0.19202470, 0.05002345, 0.19903691, 0.00882272, 0.00000000, 0.06499559, 0.47066545]","[0, 14, 0, 192, 50, 199, 9, 0, 65, 471]","[1121, 485, 1125, 333, 1517, 765, 421, 1309, 1130, 700]","[40, 65, 175, 190, 195, 250, 255, 265, 270, 290, 305, 310, 315, 335, 350] | [15, 65, 90, 165, 190, 205, 225, 235, 250, 285, 310, 315, 320, 340, 350] | [15, 45, 60, 90, 95, 105, 125, 145, 205, 230, 250, 255, 270, 305, 360] | [35, 45, 60, 65, 105, 130, 155, 165, 195, 210, 215, 235, 275, 345, 365] | [55, 60, 65, 85, 105, 110, 120, 135, 150, 155, 185, 225, 300, 310, 365] | [40, 45, 60, 65, 70, 150, 165, 180, 225, 235, 270, 290, 310, 320, 350] | [35, 85, 170, 195, 200, 230, 250, 265, 270, 280, 305, 340, 345, 355, 365] | [50, 80, 85, 95, 100, 120, 130, 150, 185, 195, 215, 255, 305, 315, 340] | [15, 45, 60, 90, 95, 105, 125, 145, 205, 230, 250, 255, 270, 305, 360] | [20, 50, 65, 160, 200, 245, 250, 260, 275, 280, 285, 295, 325, 335, 350]"
2,2,8,6,8,21,"(4, 15)",10,32,"[1, 5]",0.00000000,"[0.00000000, 0.00000000]",0.33993504,0.43436030,18->15,linprog,"[0.00000000, 0.14421277, 0.21379276, 0.17285482, 0.00000000, 0.12885399, 0.00000000, 0.00000000, 0.00000000, 0.34028565]","[0, 144, 214, 173, 0, 129, 0, 0, 0, 340]","[1469, 1293, 925, 869, 1509, 229, 333, 1459, 1454, 1471]","[15, 30, 40, 75, 95, 100, 110, 180, 225, 230, 235, 255, 270, 320, 350] | [10, 35, 50, 65, 70, 110, 125, 165, 175, 185, 240, 270, 325, 345, 355] | [45, 65, 70, 120, 165, 170, 215, 230, 260, 270, 280, 295, 300, 305, 365] | [10, 30, 50, 60, 70, 80, 130, 140, 165, 175, 185, 215, 240, 275, 360] | [15, 35, 75, 95, 110, 145, 150, 165, 200, 225, 235, 245, 255, 275, 345] | [35, 90, 105, 115, 130, 135, 155, 185, 210, 220, 225, 255, 280, 295, 315] | [5, 90, 105, 130, 135, 150, 155, 235, 240, 270, 280, 295, 315, 320, 340] | [25, 80, 90, 135, 155, 180, 190, 200, 210, 220, 245, 275, 305, 320, 340] | [25, 80, 90, 135, 155, 180, 190, 200, 210, 220, 245, 275, 305, 320, 340] | [15, 30, 40, 75, 95, 100, 110, 180, 225, 230, 235, 255, 270, 320, 350]"
2,2,8,6,8,22,"(6, 17)",10,32,"[1, 5]",0.00000000,"[0.00000000, 0.00000000]",0.36357386,0.43569036,9->17,linprog,"[0.00000000, 0.22481325, 0.00390675, 0.08368957, 0.08837421, 0.00000000, 0.00000000, 0.22590219, 0.09127420, 0.28203982]","[0, 225, 4, 84, 88, 0, 0, 226, 91, 282]","[477, 677, 541, 989, 1194, 905, 577, 1266, 337, 902]","[5, 15, 30, 65, 105, 110, 115, 135, 170, 175, 185, 245, 285, 305, 315] | [45, 50, 60, 115, 130, 135, 145, 160, 190, 205, 230, 255, 270, 275, 315] | [10, 15, 50, 80, 90, 140, 165, 205, 235, 240, 285, 290, 300, 320, 345] | [10, 40, 45, 115, 125, 135, 140, 200, 205, 225, 270, 295, 310, 335, 365] | [15, 35, 50, 85, 100, 110, 175, 190, 215, 225, 230, 275, 300, 330, 350] | [20, 25, 30, 80, 95, 130, 160, 205, 215, 220, 225, 295, 310, 315, 365] | [50, 85, 120, 135, 165, 180, 195, 200, 230, 245, 275, 305, 325, 350, 365] | [5, 35, 55, 70, 115, 205, 215, 220, 245, 250, 255, 280, 295, 315, 325] | [5, 20, 25, 80, 100, 155, 215, 245, 290, 295, 300, 305, 315, 325, 340] | [20, 25, 30, 80, 95, 130, 160, 205, 215, 220, 225, 295, 310, 315, 365]"
2,2,8,6,8,23,"(22, 24)",10,32,"[1, 5]",0.00000000,"[0.00000000, 0.00000000]",0.37282214,0.44270640,7->24,linprog,"[0.08711218, 0.37358349, 0.00000000, 0.18267192, 0.03726059, 0.00000000, 0.07967638, 0.00000000, 0.18304214, 0.05665330]","[87, 373, 0, 183, 37, 0, 80, 0, 183, 57]","[297, 796, 1201, 590, 1198, 298, 595, 596, 96, 1010]","[30, 50, 90, 95, 115, 165, 180, 200, 205, 230, 280, 285, 300, 310, 320] | [15, 60, 75, 90, 135, 160, 165, 195, 215, 230, 245, 270, 295, 305, 330] | [30, 70, 130, 140, 175, 195, 205, 225, 230, 235, 240, 275, 295, 320, 335] | [20, 30, 45, 80, 85, 180, 240, 245, 290, 295, 305, 310, 330, 350, 365] | [30, 70, 130, 140, 175, 195, 205, 225, 230, 235, 240, 275, 295, 320, 335] | [30, 50, 90, 95, 115, 165, 180, 200, 205, 230, 280, 285, 300, 310, 320] | [20, 30, 45, 80, 85, 180, 240, 245, 290, 295, 305, 310, 330, 350, 365] | [20, 30, 45, 80, 85, 180, 240, 245, 290, 295, 305, 310, 330, 350, 365] | [25, 45, 60, 75, 85, 90, 95, 120, 150, 155, 210, 215, 270, 355, 365] | [5, 35, 60, 80, 90, 120, 190, 200, 220, 240, 270, 310, 330, 360, 365]"
2,2,8,6,8,24,"(1, 18)",10,34,[5],0.00000000,"[0.00000000, 0.00000000]",0.35209681,0.43327989,25->1,linprog,"[0.13689917, 0.19875185, 0.32701518, 0.00000000, 0.00000000, 0.00000000, 0.33733380, 0.00000000, 0.00000000, 0.00000000]","[137, 199, 327, 0, 0, 0, 337, 0, 0, 0]","[117, 371, 372, 3, 512, 9, 5, 514, 369, 368]","[5, 40, 55, 60, 120, 125, 210, 235, 260, 265, 275, 305, 320, 340, 355] | [15, 30, 50, 55, 60, 190, 235, 255, 260, 265, 295, 325, 340, 345, 360] | [15, 30, 50, 55, 60, 190, 235, 255, 260, 265, 295, 325, 340, 345, 360] | [5, 30, 55, 80, 105, 130, 155, 180, 205, 230, 255, 280, 305, 330, 355] | [35, 50, 90, 95, 105, 115, 125, 160, 205, 225, 230, 250, 280, 325, 350] | [5, 30, 55, 80, 105, 130, 155, 180, 205, 230, 255, 280, 305, 330, 355] | [5, 30, 55, 80, 105, 130, 155, 180, 205, 230, 255, 280, 305, 330, 355] | [35, 50, 90, 95, 105, 115, 125, 160, 205, 225, 230, 250, 280, 325, 350] | [15, 30, 50, 55, 60, 190, 235, 255, 260, 265, 295, 325, 340, 345, 360] | [15, 30, 50, 55, 60, 190, 235, 255, 260, 265, 295, 325, 340, 345, 360]"
2,2,8,6,8,25,"(5, 9)",10,34,[1],0.00000000,"[0.00000000, 0.00000000]",0.38716023,0.44416585,18->9,linprog,"[0.14753933, 0.00000000, 0.00000000, 0.00000000, 0.00000000, 0.35838093, 0.05568399, 0.11027153, 0.00000000, 0.32812422]","[148, 0, 0, 0, 0, 358, 56, 110, 0, 328]","[437, 557, 105, 554, 104, 555, 103, 548, 556, 89]","[10, 20, 60, 90, 95, 115, 125, 135, 155, 180, 255, 265, 290, 295, 315] | [35, 50, 155, 160, 200, 225, 235, 245, 250, 275, 295, 310, 315, 335, 360] | [10, 20, 25, 40, 50, 55, 75, 145, 160, 175, 240, 255, 260, 280, 330] | [30, 95, 105, 110, 130, 165, 175, 180, 190, 230, 270, 280, 290, 300, 355] | [10, 20, 25, 40, 50, 55, 75, 145, 160, 175, 240, 255, 260, 280, 330] | [30, 95, 105, 110, 130, 165, 175, 180, 190, 230, 270, 280, 290, 300, 355] | [10, 20, 25, 40, 50, 55, 75, 145, 160, 175, 240, 255, 260, 280, 330] | [5, 25, 30, 80, 100, 110, 125, 140, 165, 170, 205, 250, 280, 335, 355] | [30, 95, 105, 110, 130, 165, 175, 180, 190, 230, 270, 280, 290, 300, 355] | [30, 65, 115, 125, 130, 145, 160, 165, 185, 190, 225, 290, 310, 330, 335]"
2,2,8,6,8,26,"(20, 22)",10,32,"[1, 5]",0.00000000,"[0.00000000, 0.00000000]",0.40183642,0.44210954,15->22,linprog,"[0.00000000, 0.05835877, 0.01300645, 0.03186614, 0.09336281, 0.17283629, 0.07789985, 0.14442908, 0.10416640, 0.30407421]","[0, 58, 13, 32, 93, 173, 78, 145, 104, 304]","[1533, 1149, 861, 365, 369, 766, 817, 255, 739, 270]","[15, 20, 50, 85, 135, 140, 180, 205, 260, 295, 335, 340, 345, 355, 360] | [30, 40, 50, 110, 130, 145, 160, 215, 230, 280, 285, 295, 345, 350, 365] | [15, 20, 25, 50, 55, 75, 100, 150, 155, 215, 225, 245, 275, 315, 365] | [30, 35, 60, 65, 75, 85, 175, 195, 200, 210, 230, 250, 255, 285, 315] | [30, 35, 60, 65, 75, 85, 175, 195, 200, 210, 230, 250, 255, 285, 315] | [50, 65, 70, 80, 160, 180, 195, 220, 235, 265, 270, 315, 320, 330, 350] | [60, 120, 135, 140, 150, 155, 190, 205, 220, 250, 270, 290, 310, 320, 325] | [35, 70, 85, 90, 120, 130, 155, 160, 175, 230, 250, 260, 330, 340, 350] | [20, 35, 40, 50, 70, 110, 125, 140, 160, 165, 190, 205, 220, 285, 335] | [20, 60, 75, 80, 85, 90, 140, 160, 210, 235, 240, 245, 270, 305, 335]"
2,2,8,6,8,27,"(9, 11)",10,32,"[1, 5]",0.00000000,"[0.00000000, 0.00000000]",0.38727611,0.45010521,20->9,linprog,"[0.02586990, 0.11995954, 0.00000000, 0.00000000, 0.12742999, 0.00000000, 0.05231134, 0.21217622, 0.30922073, 0.15303228]","[26, 120, 0, 0, 128, 0, 52, 212, 309, 153]","[1533, 189, 357, 1261, 609, 434, 436, 1292, 116, 1570]","[15, 20, 35, 50, 80, 95, 100, 115, 120, 130, 165, 185, 240, 245, 350] | [40, 45, 60, 70, 135, 145, 170, 185, 240, 265, 285, 300, 315, 325, 365] | [50, 60, 95, 100, 120, 130, 150, 165, 175, 195, 200, 225, 240, 315, 355] | [10, 15, 90, 100, 165, 175, 180, 190, 215, 240, 270, 280, 305, 320, 350] | [10, 55, 80, 90, 100, 125, 130, 145, 180, 210, 230, 310, 315, 355, 360] | [40, 45, 80, 90, 120, 160, 180, 225, 270, 275, 300, 310, 315, 320, 355] | [40, 45, 80, 90, 120, 160, 180, 225, 270, 275, 300, 310, 315, 320, 355] | [10, 25, 65, 70, 75, 145, 160, 165, 190, 195, 205, 230, 235, 290, 345] | [35, 40, 50, 90, 120, 125, 130, 185, 200, 225, 230, 260, 305, 315, 330] | [25, 60, 75, 95, 100, 105, 135, 140, 150, 200, 210, 225, 230, 295, 365]"
2,2,8,6,8,28,"(11, 18)",10,32,"[1, 5]",0.00000000,"[0.00000000, 0.00000000]",0.36211015,0.44140801,9->11,linprog,"[0.21361777, 0.00000000, 0.02832007, 0.00000000, 0.00000000, 0.01190925, 0.25120864, 0.17732432, 0.00000000, 0.31761995]","[214, 0, 28, 0, 0, 12, 251, 177, 0, 318]","[781, 1461, 349, 1161, 1481, 1163, 528, 10, 5, 723]","[10, 30, 50, 60, 75, 95, 150, 190, 220, 265, 285, 295, 300, 305, 330] | [5, 10, 15, 35, 45, 65, 75, 105, 110, 120, 140, 160, 165, 320, 355] | [10, 20, 25, 60, 80, 170, 185, 215, 235, 260, 275, 295, 305, 345, 350] | [20, 50, 60, 70, 115, 125, 180, 195, 200, 230, 270, 295, 310, 325, 340] | [40, 60, 85, 90, 120, 125, 130, 205, 210, 220, 250, 265, 270, 335, 350] | [20, 50, 60, 70, 115, 125, 180, 195, 200, 230, 270, 295, 310, 325, 340] | [10, 55, 80, 100, 185, 210, 220, 230, 240, 245, 260, 300, 320, 325, 355] | [5, 30, 55, 80, 105, 130, 155, 180, 205, 230, 255, 280, 305, 330, 355] | [5, 30, 55, 80, 105, 130, 155, 180, 205, 230, 255, 280, 305, 330, 355] | [20, 50, 75, 80, 135, 175, 180, 190, 220, 230, 245, 265, 305, 315, 340]"
2,2,8,6,8,29,"(2, 17)",10,32,"[1, 5]",0.00000000,"[0.00000000, 0.00000000]",0.38558306,0.44773311,7->2,linprog,"[0.45445717, 0.31414848, 0.00000000, 0.00000000, 0.01875505, 0.01044661, 0.00000000, 0.00000000, 0.06143608, 0.14075661]","[455, 314, 0, 0, 19, 10, 0, 0, 61, 141]","[167, 1499, 236, 917, 1101, 1589, 1557, 357, 1037, 1597]","[15, 35, 100, 145, 195, 200, 205, 215, 250, 265, 275, 285, 290, 345, 365] | [10, 20, 25, 40, 80, 120, 140, 145, 290, 295, 310, 315, 335, 350, 360] | [20, 45, 50, 60, 90, 110, 115, 155, 160, 175, 235, 240, 250, 260, 325] | [70, 85, 125, 130, 150, 185, 225, 230, 235, 270, 290, 300, 310, 355, 365] | [10, 35, 75, 110, 130, 155, 160, 185, 190, 225, 230, 245, 270, 310, 315] | [5, 20, 30, 40, 80, 105, 110, 140, 210, 220, 245, 285, 350, 355, 360] | [10, 15, 30, 35, 100, 110, 115, 150, 190, 205, 215, 285, 290, 305, 315] | [40, 45, 60, 65, 95, 105, 170, 175, 190, 205, 225, 265, 280, 285, 355] | [5, 25, 45, 50, 60, 65, 80, 180, 190, 200, 295, 305, 310, 355, 365] | [25, 60, 140, 175, 190, 210, 220, 230, 240, 255, 260, 300, 305, 315, 360]"
2,2,8,6,8,30,"(9, 22)",10,32,"[1, 5]",0.00000000,"[0.00000000, 0.00000000]",0.40259187,0.46313666,15->22,linprog,"[0.00000000, 0.00000000, 0.00000000, 0.30288043, 0.29924197, 0.00000000, 0.00000000, 0.00000000, 0.13031359, 0.26756400]","[0, 0, 0, 303, 299, 0, 0, 0, 130, 268]","[693, 1557, 1202, 1562, 1201, 1448, 371, 1449, 78, 462]","[10, 35, 50, 110, 125, 145, 150, 190, 235, 255, 270, 280, 300, 325, 355] | [50, 70, 80, 90, 130, 135, 140, 160, 185, 205, 210, 220, 225, 230, 355] | [5, 25, 35, 135, 145, 155, 175, 185, 200, 250, 255, 265, 330, 355, 360] | [50, 70, 80, 90, 130, 135, 140, 160, 185, 205, 210, 220, 225, 230, 355] | [5, 25, 35, 135, 145, 155, 175, 185, 200, 250, 255, 265, 330, 355, 360] | [25, 55, 60, 70, 75, 95, 165, 190, 210, 215, 220, 230, 265, 285, 340] | [25, 50, 80, 95, 125, 135, 170, 200, 220, 235, 275, 305, 340, 350, 360] | [25, 55, 60, 70, 75, 95, 165, 190, 210, 215, 220, 230, 265, 285, 340] | [10, 20, 45, 70, 90, 135, 140, 155, 170, 185, 275, 285, 305, 310, 325] | [5, 20, 30, 50, 55, 60, 125, 155, 190, 260, 290, 300, 330, 335, 345]"
2,2,8,6,8,31,"(5, 18)",10,34,[1],0.00000000,"[0.00000000, 0.00000000]",0.38275764,0.44545450,7->5,linprog,"[0.06407730, 0.02492093, 0.00000000, 0.18676901, 0.20795493, 0.00000000, 0.42753316, 0.04212773, 0.04661695, 0.00000000]","[64, 25, 0, 187, 208, 0, 427, 42, 47, 0]","[109, 509, 14, 4, 516, 512, 160, 7, 167, 19]","[5, 10, 20, 35, 60, 65, 90, 180, 190, 215, 230, 250, 255, 285, 335] | [40, 65, 85, 120, 130, 170, 175, 185, 200, 205, 230, 250, 275, 330, 360] | [5, 30, 55, 80, 105, 130, 155, 180, 205, 230, 255, 280, 305, 330, 355] | [5, 30, 55, 80, 105, 130, 155, 180, 205, 230, 255, 280, 305, 330, 355] | [40, 65, 85, 120, 130, 170, 175, 185, 200, 205, 230, 250, 275, 330, 360] | [40, 65, 85, 120, 130, 170, 175, 185, 200, 205, 230, 250, 275, 330, 360] | [55, 60, 80, 120, 135, 160, 175, 180, 205, 245, 250, 255, 310, 315, 335] | [5, 30, 55, 80, 105, 130, 155, 180, 205, 230, 255, 280, 305, 330, 355] | [85, 105, 110, 115, 135, 160, 165, 185, 205, 255, 275, 295, 315, 330, 360] | [5, 30, 55, 80, 105, 130, 155, 180, 205, 230, 255, 280, 305, 330, 355]"
2,2,8,6,8,32,"(2, 18)",10,32,"[1, 5]",0.00000000,"[0.00000000, 0.00000000]",0.39016565,0.44498712,17->18,linprog,"[0.00000000, 0.00000000, 0.12431332, 0.03004015, 0.14255768, 0.26495545, 0.02719473, 0.28391002, 0.12702865, 0.00000000]","[0, 0, 124, 30, 143, 265, 27, 284, 127, 0]","[893, 1381, 925, 1053, 482, 1609, 1043, 134, 433, 139]","[5, 20, 55, 60, 135, 140, 170, 180, 200, 260, 265, 270, 275, 290, 320] | [30, 45, 60, 115, 130, 135, 150, 175, 205, 240, 255, 270, 290, 345, 355] | [35, 50, 75, 100, 110, 125, 145, 165, 195, 230, 250, 260, 290, 335, 355] | [15, 60, 125, 135, 165, 230, 245, 255, 275, 285, 320, 330, 335, 350, 355] | [10, 35, 45, 60, 80, 140, 175, 190, 220, 235, 255, 265, 305, 325, 365] | [10, 25, 40, 55, 60, 65, 75, 90, 105, 125, 185, 215, 220, 250, 330] | [15, 55, 60, 105, 115, 140, 150, 185, 205, 210, 220, 280, 300, 330, 345] | [10, 135, 140, 190, 195, 210, 240, 300, 305, 310, 325, 330, 335, 340, 365] | [15, 20, 50, 85, 125, 130, 150, 160, 170, 180, 220, 285, 295, 345, 360] | [10, 135, 140, 190, 195, 210, 240, 300, 305, 310, 325, 330, 335, 340, 365]"
2,2,8,6,8,33,"(5, 22)",10,34,[1],0.00000000,"[0.00000000, 0.00000000]",0.38217567,0.44509994,18->22,linprog,"[0.00000000, 0.00000000, 0.00000000, 0.00000000, 0.00000000, 0.13727444, 0.08924444, 0.37557072, 0.19352359, 0.20438681]","[0, 0, 0, 0, 0, 137, 89, 376, 194, 204]","[213, 501, 557, 573, 144, 408, 142, 442, 574, 641]","[5, 40, 55, 65, 100, 125, 150, 175, 185, 245, 285, 295, 300, 305, 325] | [10, 25, 35, 40, 65, 80, 100, 105, 170, 180, 200, 245, 275, 310, 335] | [50, 80, 105, 110, 125, 145, 160, 205, 215, 230, 235, 255, 260, 280, 305] | [5, 10, 30, 35, 45, 75, 95, 130, 175, 190, 225, 245, 275, 295, 335] | [20, 60, 80, 110, 120, 150, 165, 175, 190, 205, 275, 280, 295, 335, 360] | [25, 40, 75, 80, 140, 150, 190, 250, 275, 305, 325, 335, 340, 360, 365] | [20, 60, 80, 110, 120, 150, 165, 175, 190, 205, 275, 280, 295, 335, 360] | [40, 45, 50, 125, 215, 225, 230, 240, 245, 255, 260, 265, 285, 290, 305] | [5, 10, 30, 35, 45, 75, 95, 130, 175, 190, 225, 245, 275, 295, 335] | [5, 25, 35, 75, 135, 160, 180, 215, 245, 255, 265, 300, 305, 310, 365]"
2,2,8,6,8,34,"(6, 7)",10,32,"[1, 5]",0.00000000,"[0.00000000, 0.00000000]",0.37503332,0.43726991,22->7,linprog,"[0.00000000, 0.00000000, 0.00000000, 0.13407386, 0.15504918, 0.26472995, 0.00000000, 0.21324030, 0.10360318, 0.12930353]","[0, 0, 0, 134, 155, 265, 0, 213, 104, 129]","[437, 749, 1149, 1029, 468, 406, 483, 478, 967, 972]","[5, 15, 45, 60, 100, 125, 140, 145, 200, 205, 225, 235, 295, 315, 340] | [15, 35, 50, 100, 125, 130, 165, 195, 210, 260, 280, 310, 335, 350, 365] | [5, 20, 25, 30, 120, 145, 150, 185, 220, 265, 290, 300, 305, 310, 315] | [60, 65, 90, 95, 130, 165, 170, 175, 180, 215, 220, 305, 320, 330, 350] | [5, 10, 20, 25, 75, 145, 170, 185, 220, 240, 255, 265, 280, 345, 355] | [30, 35, 65, 70, 75, 90, 95, 165, 200, 230, 245, 265, 270, 295, 365] | [30, 35, 40, 50, 55, 75, 115, 120, 140, 145, 175, 205, 255, 270, 275] | [30, 35, 40, 50, 55, 75, 115, 120, 140, 145, 175, 205, 255, 270, 275] | [50, 75, 125, 145, 170, 185, 235, 240, 250, 265, 290, 295, 320, 340, 350] | [50, 75, 125, 145, 170, 185, 235, 240, 250, 265, 290, 295, 320, 340, 350]"
2,2,8,6,8,35,"(16, 20)",10,32,"[1, 5]",0.00000000,"[0.00000000, 0.00000000]",0.34170040,0.43452224,11->20,linprog,"[0.00000000, 0.21813167, 0.00000000, 0.00000000, 0.00000000, 0.34224948, 0.09180312, 0.34781573, 0.00000000, 0.00000000]","[0, 218, 0, 0, 0, 342, 92, 348, 0, 0]","[109, 1557, 949, 813, 1029, 233, 953, 729, 234, 1450]","[10, 45, 60, 85, 140, 190, 210, 255, 295, 315, 320, 330, 335, 345, 365] | [20, 25, 35, 45, 100, 115, 125, 160, 180, 220, 225, 245, 270, 290, 310] | [5, 20, 50, 90, 115, 125, 180, 190, 195, 205, 210, 245, 255, 335, 345] | [10, 50, 75, 135, 145, 175, 180, 195, 230, 255, 290, 310, 320, 345, 355] | [20, 55, 80, 90, 95, 100, 110, 140, 145, 185, 205, 235, 295, 300, 340] | [80, 110, 115, 120, 135, 170, 180, 205, 255, 265, 285, 315, 320, 325, 355] | [5, 20, 50, 90, 115, 125, 180, 190, 195, 205, 210, 245, 255, 335, 345] | [55, 80, 110, 135, 140, 150, 155, 170, 175, 185, 195, 230, 235, 280, 310] | [80, 110, 115, 120, 135, 170, 180, 205, 255, 265, 285, 315, 320, 325, 355] | [15, 35, 40, 50, 65, 130, 135, 165, 230, 275, 285, 310, 320, 360, 365]"
2,2,8,6,8,36,"(7, 28)",10,32,"[1, 5]",0.00000000,"[0.00000000, 0.00000000]",0.34350799,0.42491027,2->28,linprog,"[0.00000000, 0.00000000, 0.17847572, 0.00000000, 0.00000000, 0.20815728, 0.00000000, 0.32099243, 0.00000000, 0.29237456]","[0, 0, 179, 0, 0, 208, 0, 321, 0, 292]","[637, 1173, 1293, 1605, 1178, 1177, 1176, 114, 1174, 673]","[5, 25, 80, 115, 120, 130, 135, 145, 205, 215, 225, 255, 265, 315, 355] | [75, 150, 155, 160, 170, 175, 185, 200, 210, 305, 335, 340, 350, 360, 365] | [15, 45, 90, 110, 120, 130, 165, 175, 205, 235, 245, 295, 325, 345, 365] | [15, 80, 95, 135, 180, 190, 200, 220, 250, 285, 305, 310, 320, 325, 360] | [75, 150, 155, 160, 170, 175, 185, 200, 210, 305, 335, 340, 350, 360, 365] | [75, 150, 155, 160, 170, 175, 185, 200, 210, 305, 335, 340, 350, 360, 365] | [75, 150, 155, 160, 170, 175, 185, 200, 210, 305, 335, 340, 350, 360, 365] | [5, 55, 75, 105, 120, 125, 170, 190, 195, 220, 255, 260, 265, 305, 360] | [75, 150, 155, 160, 170, 175, 185, 200, 210, 305, 335, 340, 350, 360, 365] | [20, 25, 35, 60, 65, 95, 135, 210, 255, 265, 285, 290, 325, 330, 365]"
2,2,8,6,8,37,"(2, 24)",10,32,"[1, 5]",0.00000000,"[0.00000000, 0.00000000]",0.41163098,0.45971965,15->2,linprog,"[0.18444046, 0.00000000, 0.05375519, 0.00000000, 0.09675897, 0.22975845, 0.27338573, 0.00000000, 0.00000000, 0.16190120]","[184, 0, 54, 0, 97, 230, 273, 0, 0, 162]","[309, 365, 485, 1057, 570, 1060, 809, 1115, 566, 927]","[5, 20, 45, 55, 80, 130, 135, 140, 225, 245, 260, 310, 325, 345, 360] | [50, 80, 85, 90, 105, 120, 135, 160, 165, 180, 240, 320, 340, 345, 355] | [10, 65, 75, 105, 125, 145, 165, 195, 205, 225, 245, 265, 315, 320, 355] | [50, 70, 95, 100, 110, 170, 190, 205, 225, 250, 265, 290, 295, 305, 360] | [10, 25, 40, 45, 80, 105, 120, 140, 210, 215, 230, 250, 275, 295, 340] | [50, 70, 95, 100, 110, 170, 190, 205, 225, 250, 265, 290, 295, 305, 360] | [10, 15, 40, 55, 115, 135, 155, 170, 245, 260, 320, 330, 335, 355, 360] | [40, 70, 80, 130, 135, 150, 170, 240, 260, 270, 275, 285, 300, 340, 350] | [10, 25, 40, 45, 80, 105, 120, 140, 210, 215, 230, 250, 275, 295, 340] | [10, 45, 50, 90, 105, 115, 120, 145, 150, 155, 160, 180, 200, 260, 300]"
2,2,8,6,8,38,"(7, 20)",10,32,"[1, 5]",0.00000000,"[0.00000000, 0.00000000]",0.38049294,0.44569428,25->20,linprog,"[0.08690234, 0.03248279, 0.00000000, 0.00000000, 0.00000000, 0.00000000, 0.01700467, 0.04637791, 0.39872989, 0.41850240]","[87, 32, 0, 0, 0, 0, 17, 46, 399, 419]","[1493, 989, 781, 1181, 1557, 589, 381, 1301, 706, 1560]","[5, 30, 35, 55, 80, 105, 125, 130, 135, 145, 160, 180, 210, 265, 365] | [25, 50, 60, 75, 105, 130, 155, 170, 175, 180, 225, 260, 265, 330, 335] | [30, 60, 65, 100, 120, 125, 185, 190, 255, 275, 280, 290, 300, 355, 360] | [25, 40, 75, 80, 95, 120, 140, 145, 150, 155, 245, 250, 260, 285, 330] | [45, 60, 85, 145, 155, 160, 235, 260, 265, 270, 290, 330, 335, 340, 360] | [5, 10, 25, 35, 70, 80, 105, 135, 160, 175, 250, 275, 285, 300, 315] | [5, 10, 25, 70, 75, 130, 185, 190, 225, 235, 245, 315, 335, 355, 360] | [50, 70, 75, 95, 120, 135, 160, 165, 205, 230, 245, 250, 315, 345, 355] | [35, 55, 75, 95, 145, 210, 220, 230, 260, 265, 275, 315, 320, 325, 355] | [45, 60, 85, 145, 155, 160, 235, 260, 265, 270, 290, 330, 335, 340, 360]"
2,2,8,6,8,39,"(7, 9)",10,32,"[1, 5]",0.00000000,"[0.00000000, 0.00000000]",0.37920171,0.44356804,15->7,linprog,"[0.08790032, 0.00000000, 0.20758509, 0.12978440, 0.00000000, 0.13159303, 0.09976379, 0.00000000, 0.00000000, 0.34337336]","[88, 0, 207, 130, 0, 132, 100, 0, 0, 343]","[1205, 385, 516, 1007, 1420, 1391, 386, 1006, 388, 41]","[35, 55, 80, 105, 120, 140, 155, 180, 205, 260, 280, 290, 295, 320, 335] | [15, 50, 55, 105, 130, 135, 145, 230, 235, 255, 260, 265, 310, 340, 365] | [25, 135, 150, 160, 165, 200, 205, 210, 225, 260, 265, 280, 295, 315, 345] | [10, 45, 60, 70, 75, 85, 90, 115, 125, 160, 170, 200, 230, 335, 340] | [50, 70, 85, 135, 155, 160, 165, 170, 195, 205, 220, 265, 275, 300, 320] | [10, 30, 35, 45, 60, 105, 120, 125, 135, 160, 180, 225, 280, 305, 365] | [15, 50, 55, 105, 130, 135, 145, 230, 235, 255, 260, 265, 310, 340, 365] | [10, 45, 60, 70, 75, 85, 90, 115, 125, 160, 170, 200, 230, 335, 340] | [15, 50, 55, 105, 130, 135, 145, 230, 235, 255, 260, 265, 310, 340, 365] | [15, 100, 105, 135, 145, 170, 180, 185, 190, 205, 215, 220, 230, 240, 295]"
2,2,8,6,8,40,"(1, 26)",10,34,[5],0.00000000,"[0.00000000, 0.00000000]",0.38001853,0.43875936,11->26,linprog,"[0.12339080, 0.00000000, 0.02818886, 0.07966824, 0.03009043, 0.20511101, 0.15718562, 0.14704307, 0.13327484, 0.09604712]","[124, 0, 28, 80, 30, 205, 157, 147, 133, 96]","[251, 293, 549, 173, 423, 580, 166, 295, 599, 691]","[25, 30, 35, 40, 105, 115, 125, 130, 195, 235, 240, 280, 285, 340, 345] | [40, 50, 65, 100, 110, 160, 180, 230, 245, 265, 280, 330, 335, 340, 345] | [40, 45, 60, 70, 85, 180, 200, 205, 250, 260, 265, 275, 295, 300, 345] | [50, 55, 65, 95, 110, 115, 130, 155, 160, 185, 250, 260, 265, 350, 355] | [30, 40, 55, 80, 85, 100, 105, 185, 190, 195, 210, 230, 235, 345, 355] | [10, 25, 80, 85, 100, 125, 140, 150, 155, 160, 175, 205, 220, 300, 305] | [55, 65, 95, 105, 125, 180, 185, 200, 220, 290, 305, 320, 325, 340, 350] | [40, 50, 65, 100, 110, 160, 180, 230, 245, 265, 280, 330, 335, 340, 345] | [70, 75, 80, 105, 140, 150, 160, 195, 200, 255, 265, 295, 300, 330, 355] | [105, 110, 120, 130, 145, 155, 180, 190, 220, 225, 265, 295, 325, 355, 360]"
2,2,8,6,8,41,"(17, 21)",10,32,"[1, 5]",0.00000000,"[0.00000000, 0.00000000]",0.38543216,0.44881098,7->17,linprog,"[0.00000000, 0.26768391, 0.25744548, 0.02218248, 0.13127824, 0.07965640, 0.00000000, 0.06133330, 0.05354990, 0.12687030]","[0, 268, 257, 22, 131, 80, 0, 61, 54, 127]","[507, 350, 508, 1533, 645, 437, 1437, 757, 485, 1469]","[20, 30, 95, 100, 115, 165, 170, 215, 220, 225, 250, 290, 305, 360, 365] | [20, 25, 65, 155, 170, 185, 200, 225, 240, 250, 290, 315, 325, 340, 365] | [20, 30, 95, 100, 115, 165, 170, 215, 220, 225, 250, 290, 305, 360, 365] | [10, 35, 55, 70, 85, 100, 125, 135, 155, 170, 210, 220, 245, 260, 310] | [15, 50, 65, 75, 90, 100, 120, 145, 175, 220, 275, 285, 290, 345, 360] | [15, 20, 30, 35, 50, 65, 115, 135, 165, 175, 260, 305, 310, 345, 350] | [15, 45, 60, 100, 145, 165, 205, 215, 220, 280, 295, 300, 305, 340, 365] | [40, 70, 100, 110, 135, 140, 150, 175, 230, 235, 260, 270, 295, 325, 340] | [15, 35, 45, 95, 105, 115, 205, 215, 230, 270, 275, 300, 305, 330, 365] | [70, 100, 115, 150, 160, 190, 270, 275, 290, 300, 305, 320, 325, 340, 355]"
2,2,8,6,8,42,"(5, 20)",10,34,[1],0.00000000,"[0.00000000, 0.00000000]",0.36837723,0.44287562,26->5,linprog,"[0.00000000, 0.39800603, 0.00000000, 0.00000000, 0.00000000, 0.17383644, 0.00000000, 0.00000000, 0.00000000, 0.42815753]","[0, 398, 0, 0, 0, 174, 0, 0, 0, 428]","[205, 604, 615, 312, 241, 238, 311, 243, 242, 38]","[5, 10, 20, 45, 65, 110, 165, 170, 175, 185, 205, 225, 310, 315, 360] | [5, 15, 40, 110, 115, 155, 165, 175, 200, 225, 245, 255, 260, 285, 315] | [40, 55, 65, 100, 115, 125, 150, 185, 205, 215, 220, 230, 250, 285, 305] | [45, 95, 100, 105, 170, 190, 210, 230, 235, 260, 265, 325, 330, 345, 360] | [5, 30, 55, 60, 75, 80, 105, 160, 170, 175, 180, 210, 245, 295, 325] | [5, 30, 55, 60, 75, 80, 105, 160, 170, 175, 180, 210, 245, 295, 325] | [45, 95, 100, 105, 170, 190, 210, 230, 235, 260, 265, 325, 330, 345, 360] | [5, 30, 55, 60, 75, 80, 105, 160, 170, 175, 180, 210, 245, 295, 325] | [5, 30, 55, 60, 75, 80, 105, 160, 170, 175, 180, 210, 245, 295, 325] | [40, 80, 90, 95, 155, 160, 210, 220, 225, 255, 265, 270, 290, 340, 355]"
2,2,8,6,8,43,"(4, 5)",10,34,[1],0.00000000,"[0.00000000, 0.00000000]",0.35338483,0.43899544,24->5,linprog,"[0.26375104, 0.00000000, 0.36333494, 0.25442122, 0.00000000, 0.11552910, 0.00000000, 0.00296369, 0.00000000, 0.00000000]","[264, 0, 363, 254, 0, 116, 0, 3, 0, 0]","[513, 483, 566, 282, 281, 402, 173, 277, 283, 479]","[10, 25, 45, 50, 60, 95, 180, 200, 235, 250, 270, 285, 315, 345, 355] | [10, 50, 95, 100, 145, 155, 170, 220, 245, 250, 270, 275, 285, 290, 360] | [5, 60, 65, 90, 130, 170, 175, 180, 240, 255, 275, 290, 305, 330, 345] | [5, 10, 35, 55, 85, 125, 140, 145, 150, 190, 250, 270, 295, 330, 355] | [5, 10, 35, 55, 85, 125, 140, 145, 150, 190, 250, 270, 295, 330, 355] | [35, 60, 140, 180, 220, 225, 230, 235, 250, 260, 270, 285, 290, 310, 345] | [65, 75, 100, 105, 145, 165, 220, 230, 250, 255, 265, 275, 280, 305, 360] | [5, 10, 35, 55, 85, 125, 140, 145, 150, 190, 250, 270, 295, 330, 355] | [5, 10, 35, 55, 85, 125, 140, 145, 150, 190, 250, 270, 295, 330, 355] | [10, 50, 95, 100, 145, 155, 170, 220, 245, 250, 270, 275, 285, 290, 360]"
2,2,8,6,8,44,"(15, 18)",10,32,"[1, 5]",0.00000000,"[0.00000000, 0.00000000]",0.37339282,0.43667833,6->15,linprog,"[0.11277761, 0.26286453, 0.12553044, 0.06001246, 0.14879553, 0.19016653, 0.00000000, 0.09864185, 0.00121105, 0.00000000]","[113, 263, 125, 60, 149, 190, 0, 99, 1, 0]","[1495, 1233, 821, 893, 429, 437, 709, 1349, 1565, 1229]","[10, 15, 65, 70, 115, 145, 160, 175, 180, 230, 240, 280, 285, 305, 355] | [45, 50, 80, 135, 190, 205, 220, 245, 250, 265, 275, 290, 305, 310, 320] | [10, 30, 60, 70, 105, 160, 185, 190, 205, 230, 235, 255, 300, 325, 365] | [15, 25, 35, 85, 115, 125, 130, 140, 145, 155, 260, 290, 295, 300, 320] | [40, 45, 50, 135, 145, 195, 200, 230, 250, 260, 270, 320, 325, 335, 365] | [10, 55, 60, 85, 110, 150, 180, 190, 210, 215, 220, 290, 300, 310, 325] | [30, 40, 45, 70, 80, 115, 135, 190, 215, 225, 255, 315, 340, 350, 355] | [10, 25, 30, 35, 55, 140, 185, 215, 225, 275, 285, 290, 315, 345, 350] | [15, 20, 80, 145, 155, 180, 185, 205, 220, 235, 240, 260, 325, 335, 345] | [45, 50, 80, 135, 190, 205, 220, 245, 250, 265, 275, 290, 305, 310, 320]"
2,2,8,6,8,45,"(26, 27)",10,32,"[1, 5]",0.00000000,"[0.00000000, 0.00000000]",0.41187020,0.45242498,11->26,linprog,"[0.13977864, 0.00000000, 0.07269270, 0.00000000, 0.00000000, 0.02115511, 0.01934840, 0.25177485, 0.22871705, 0.26653326]","[140, 0, 73, 0, 0, 21, 19, 252, 229, 266]","[629, 1485, 765, 37, 1453, 357, 509, 193, 82, 1458]","[45, 90, 95, 145, 155, 200, 215, 220, 230, 245, 270, 280, 300, 305, 335] | [15, 45, 110, 130, 160, 190, 250, 260, 275, 295, 310, 320, 340, 350, 355] | [20, 40, 50, 70, 110, 125, 160, 185, 220, 225, 240, 250, 265, 270, 320] | [20, 30, 80, 90, 110, 165, 205, 210, 255, 280, 330, 345, 355, 360, 365] | [40, 50, 105, 175, 220, 225, 255, 265, 280, 290, 300, 310, 325, 330, 365] | [5, 25, 30, 35, 75, 100, 165, 170, 215, 235, 260, 265, 305, 340, 360] | [10, 15, 20, 40, 115, 120, 215, 220, 250, 275, 280, 285, 325, 335, 340] | [30, 70, 80, 90, 110, 125, 140, 195, 220, 230, 235, 270, 275, 310, 320] | [35, 50, 85, 95, 105, 110, 120, 185, 200, 285, 290, 320, 335, 345, 350] | [40, 50, 105, 175, 220, 225, 255, 265, 280, 290, 300, 310, 325, 330, 365]"
2,2,8,6,8,46,"(21, 22)",10,32,"[1, 5]",0.00000000,"[0.00000000, 0.00000000]",0.30943244,0.38259086,15->22,linprog,"[0.23477512, 0.05152869, 0.03506960, 0.18179521, 0.01757894, 0.02410226, 0.12683759, 0.00000000, 0.15575408, 0.17255852]","[235, 51, 35, 182, 18, 24, 127, 0, 156, 172]","[557, 1365, 1509, 637, 1109, 509, 173, 1565, 1357, 1426]","[20, 65, 70, 120, 135, 160, 175, 180, 190, 225, 235, 260, 290, 300, 325] | [55, 95, 110, 115, 135, 140, 155, 170, 205, 210, 250, 265, 275, 305, 315] | [25, 40, 45, 60, 85, 100, 125, 140, 145, 160, 220, 235, 250, 290, 300] | [25, 35, 60, 150, 155, 160, 195, 230, 270, 275, 280, 285, 295, 310, 365] | [10, 55, 60, 95, 100, 105, 110, 130, 215, 220, 240, 260, 310, 315, 320] | [20, 60, 85, 115, 125, 135, 200, 245, 280, 285, 295, 325, 340, 360, 365] | [25, 60, 75, 80, 100, 145, 170, 240, 245, 275, 305, 325, 330, 345, 350] | [25, 40, 85, 100, 135, 145, 150, 165, 170, 180, 270, 275, 325, 330, 355] | [10, 15, 65, 75, 140, 155, 185, 215, 250, 265, 280, 285, 305, 350, 360] | [20, 25, 35, 45, 85, 100, 120, 135, 205, 230, 235, 245, 330, 350, 365]"
2,2,8,6,8,47,"(5, 24)",10,34,[1],0.00000000,"[0.00000000, 0.00000000]",0.33514767,0.42835102,18->5,linprog,"[0.04463316, 0.00000000, 0.00000000, 0.25613405, 0.00000000, 0.00000000, 0.00000000, 0.00000000, 0.35605956, 0.34317323]","[45, 0, 0, 256, 0, 0, 0, 0, 356, 343]","[73, 163, 164, 158, 72, 162, 160, 161, 159, 300]","[5, 10, 30, 35, 40, 45, 125, 130, 170, 220, 240, 255, 260, 300, 365] | [10, 25, 50, 60, 85, 95, 145, 160, 205, 270, 275, 285, 290, 295, 330] | [10, 25, 50, 60, 85, 95, 145, 160, 205, 270, 275, 285, 290, 295, 330] | [10, 25, 50, 60, 85, 95, 145, 160, 205, 270, 275, 285, 290, 295, 330] | [5, 10, 30, 35, 40, 45, 125, 130, 170, 220, 240, 255, 260, 300, 365] | [10, 25, 50, 60, 85, 95, 145, 160, 205, 270, 275, 285, 290, 295, 330] | [10, 25, 50, 60, 85, 95, 145, 160, 205, 270, 275, 285, 290, 295, 330] | [10, 25, 50, 60, 85, 95, 145, 160, 205, 270, 275, 285, 290, 295, 330] | [10, 25, 50, 60, 85, 95, 145, 160, 205, 270, 275, 285, 290, 295, 330] | [20, 35, 60, 110, 115, 155, 160, 200, 220, 235, 240, 250, 255, 280, 285]"
2,2,8,6,8,48,"(5, 15)",10,34,[1],0.00000000,"[0.00000000, 0.00000000]",0.41022184,0.45667894,27->5,linprog,"[0.09895161, 0.00000000, 0.00000000, 0.00000000, 0.36094001, 0.00000000, 0.21546117, 0.00000000, 0.12298366, 0.20166356]","[99, 0, 0, 0, 361, 0, 215, 0, 123, 202]","[365, 170, 169, 495, 34, 216, 496, 171, 537, 526]","[50, 55, 75, 80, 95, 115, 120, 175, 230, 295, 300, 325, 330, 335, 360] | [15, 35, 40, 55, 65, 75, 85, 145, 225, 265, 285, 305, 315, 360, 365] | [15, 35, 40, 55, 65, 75, 85, 145, 225, 265, 285, 305, 315, 360, 365] | [5, 10, 85, 100, 125, 150, 155, 210, 250, 265, 270, 305, 310, 335, 345] | [65, 90, 95, 105, 115, 130, 140, 180, 200, 210, 215, 240, 250, 315, 335] | [25, 30, 40, 60, 65, 80, 100, 150, 160, 165, 205, 270, 305, 345, 355] | [5, 10, 85, 100, 125, 150, 155, 210, 250, 265, 270, 305, 310, 335, 345] | [15, 35, 40, 55, 65, 75, 85, 145, 225, 265, 285, 305, 315, 360, 365] | [35, 45, 100, 110, 140, 145, 155, 185, 205, 230, 255, 275, 285, 290, 340] | [20, 45, 60, 65, 80, 110, 125, 130, 190, 205, 255, 270, 315, 330, 335]"
2,2,8,6,8,49,"(15, 22)",10,32,"[1, 5]",0.00000000,"[0.00000000, 0.00000000]",0.38776333,0.44791244,4->22,linprog,"[0.00000000, 0.19672201, 0.06207135, 0.00000000, 0.00000000, 0.00000000, 0.33817892, 0.28684603, 0.01399445, 0.10218723]","[0, 197, 62, 0, 0, 0, 338, 287, 14, 102]","[127, 218, 525, 621, 338, 1142, 806, 336, 97, 1148]","[5, 20, 55, 95, 110, 145, 190, 225, 230, 295, 320, 325, 340, 350, 360] | [25, 55, 75, 85, 115, 125, 170, 175, 185, 230, 240, 280, 310, 345, 355] | [10, 45, 80, 90, 95, 125, 135, 165, 180, 200, 240, 285, 310, 315, 355] | [20, 25, 105, 110, 115, 120, 135, 190, 200, 230, 260, 280, 285, 325, 355] | [10, 40, 50, 60, 90, 110, 140, 155, 180, 195, 315, 335, 340, 345, 360] | [5, 20, 75, 110, 140, 175, 185, 190, 215, 235, 245, 260, 270, 320, 325] | [20, 30, 45, 60, 105, 135, 150, 175, 185, 215, 230, 265, 310, 315, 325] | [10, 40, 50, 60, 90, 110, 140, 155, 180, 195, 315, 335, 340, 345, 360] | [20, 100, 130, 135, 140, 145, 160, 165, 175, 215, 235, 270, 285, 290, 350] | [5, 20, 75, 110, 140, 175, 185, 190, 215, 235, 245, 260, 270, 320, 325]"
2,2,8,6,8,50,"(5, 6)",10,34,[1],0.00000000,"[0.00000000, 0.00000000]",0.33837635,0.42984241,28->5,linprog,"[0.10528512, 0.00000000, 0.00000000, 0.18131080, 0.00000000, 0.00000000, 0.00000000, 0.00000000, 0.46745978, 0.24594429]","[105, 0, 0, 181, 0, 0, 0, 0, 468, 246]","[661, 133, 465, 648, 399, 468, 467, 91, 90, 722]","[25, 45, 65, 100, 115, 130, 140, 150, 165, 175, 205, 220, 225, 235, 280] | [15, 20, 80, 85, 90, 100, 125, 150, 255, 260, 275, 285, 295, 305, 315] | [10, 15, 20, 30, 50, 80, 95, 100, 150, 160, 170, 250, 295, 335, 355] | [20, 25, 60, 130, 160, 190, 215, 225, 240, 245, 275, 280, 325, 330, 340] | [5, 15, 20, 45, 60, 90, 140, 155, 165, 170, 175, 205, 235, 275, 290] | [10, 15, 20, 30, 50, 80, 95, 100, 150, 160, 170, 250, 295, 335, 355] | [10, 15, 20, 30, 50, 80, 95, 100, 150, 160, 170, 250, 295, 335, 355] | [10, 15, 20, 40, 60, 80, 145, 165, 205, 235, 255, 260, 280, 295, 345] | [10, 15, 20, 40, 60, 80, 145, 165, 205, 235, 255, 260, 280, 295, 345] | [5, 10, 15, 75, 85, 95, 130, 145, 155, 220, 240, 255, 290, 300, 330]"
2,2,8,6,8,51,"(6, 16)",10,32,"[1, 5]",0.00000000,"[0.00000000, 0.00000000]",0.39832005,0.43529332,4->6,linprog,"[0.06234991, 0.00000000, 0.02255996, 0.00334324, 0.00000000, 0.02374288, 0.01764549, 0.28193970, 0.16096956, 0.42744927]","[62, 0, 23, 3, 0, 24, 18, 282, 161, 427]","[685, 1349, 269, 741, 29, 1021, 621, 1206, 584, 1386]","[25, 40, 70, 155, 165, 170, 180, 195, 210, 215, 235, 260, 280, 295, 345] | [5, 35, 40, 45, 125, 160, 170, 225, 240, 260, 270, 295, 325, 340, 355] | [75, 80, 115, 145, 170, 175, 180, 200, 240, 255, 275, 315, 335, 345, 350] | [30, 40, 80, 135, 145, 155, 160, 165, 195, 205, 210, 260, 275, 325, 345] | [5, 15, 175, 180, 185, 190, 195, 265, 270, 285, 310, 315, 320, 325, 355] | [45, 50, 75, 80, 90, 130, 145, 170, 190, 205, 300, 305, 310, 350, 360] | [30, 45, 70, 75, 85, 140, 150, 160, 205, 210, 235, 240, 250, 310, 320] | [65, 100, 110, 120, 180, 190, 205, 240, 245, 250, 260, 270, 280, 300, 355] | [80, 85, 95, 100, 105, 125, 135, 170, 210, 260, 320, 330, 350, 355, 360] | [5, 30, 60, 70, 90, 110, 140, 200, 235, 245, 285, 295, 335, 340, 350]"
2,2,8,6,8,52,"(24, 25)",10,32,"[1, 5]",0.00000000,"[0.00000000, 0.00000000]",0.37064324,0.43649329,11->24,linprog,"[0.09469316, 0.17618888, 0.13085695, 0.01173109, 0.01697911, 0.03321299, 0.00000000, 0.15854217, 0.00000000, 0.37779565]","[95, 176, 131, 12, 17, 33, 0, 158, 0, 378]","[539, 333, 141, 541, 1517, 1557, 829, 1605, 1541, 1511]","[25, 40, 45, 65, 75, 125, 130, 150, 270, 285, 290, 310, 315, 330, 360] | [5, 35, 100, 135, 180, 190, 200, 215, 230, 270, 290, 325, 335, 345, 355] | [20, 35, 50, 120, 180, 205, 215, 235, 240, 260, 270, 280, 325, 355, 360] | [5, 80, 95, 130, 195, 205, 210, 245, 260, 310, 325, 330, 345, 360, 365] | [25, 40, 80, 125, 150, 160, 175, 200, 205, 225, 260, 285, 290, 300, 310] | [30, 75, 90, 95, 105, 120, 130, 145, 255, 260, 265, 275, 315, 345, 360] | [40, 75, 80, 100, 105, 110, 165, 185, 200, 205, 230, 255, 260, 275, 310] | [5, 15, 25, 50, 105, 115, 140, 150, 190, 195, 200, 320, 335, 360, 365] | [5, 25, 45, 65, 75, 100, 110, 160, 175, 220, 250, 260, 305, 310, 315] | [5, 45, 90, 105, 140, 200, 230, 235, 245, 255, 260, 270, 285, 325, 365]"
2,2,8,6,8,53,"(7, 17)",10,32,"[1, 5]",0.00000000,"[0.00000000, 0.00000000]",0.40621994,0.46147415,11->17,linprog,"[0.08559092, 0.33682424, 0.05010826, 0.08780335, 0.03405933, 0.07304514, 0.00000000, 0.04025128, 0.29231748, 0.00000000]","[86, 337, 50, 88, 34, 73, 0, 40, 292, 0]","[1272, 512, 1603, 349, 661, 1357, 685, 1556, 1345, 1344]","[5, 30, 55, 75, 105, 155, 160, 215, 235, 240, 250, 255, 285, 355, 365] | [5, 10, 25, 55, 90, 195, 200, 205, 220, 225, 290, 325, 340, 350, 355] | [20, 70, 95, 105, 190, 210, 220, 230, 250, 270, 275, 295, 325, 355, 365] | [20, 75, 100, 145, 160, 175, 180, 200, 290, 300, 310, 320, 335, 350, 355] | [45, 65, 95, 150, 160, 180, 185, 210, 235, 270, 275, 280, 310, 320, 345] | [55, 115, 130, 160, 205, 215, 220, 240, 260, 265, 305, 310, 340, 345, 360] | [5, 10, 25, 95, 100, 115, 125, 185, 190, 220, 225, 235, 260, 305, 345] | [40, 65, 85, 90, 120, 125, 165, 185, 210, 220, 250, 275, 280, 310, 340] | [10, 15, 30, 35, 40, 85, 120, 140, 145, 235, 255, 300, 330, 340, 360] | [10, 15, 30, 35, 40, 85, 120, 140, 145, 235, 255, 300, 330, 340, 360]"
2,2,8,6,8,54,"(6, 22)",10,32,"[1, 5]",0.00000000,"[0.00000000, 0.00000000]",0.41288218,0.45717015,7->22,linprog,"[0.00000000, 0.04090049, 0.03242017, 0.05341954, 0.00000000, 0.00000000, 0.13898863, 0.38370896, 0.05950863, 0.29105359]","[0, 41, 32, 53, 0, 0, 139, 384, 60, 291]","[837, 1157, 1557, 573, 77, 357, 687, 615, 686, 1249]","[5, 95, 115, 120, 170, 180, 190, 215, 235, 265, 275, 310, 325, 335, 360] | [10, 120, 145, 150, 155, 160, 165, 185, 255, 260, 265, 275, 295, 325, 340] | [10, 30, 40, 45, 70, 95, 230, 235, 250, 260, 290, 295, 325, 340, 350] | [55, 60, 70, 80, 90, 115, 160, 165, 175, 210, 220, 255, 280, 310, 345] | [5, 10, 30, 45, 60, 70, 145, 150, 190, 270, 285, 290, 300, 330, 350] | [20, 25, 50, 55, 80, 115, 120, 155, 160, 165, 175, 220, 230, 250, 285] | [30, 35, 55, 65, 150, 155, 180, 210, 275, 290, 295, 300, 315, 340, 350] | [30, 35, 115, 130, 135, 145, 160, 180, 185, 205, 210, 235, 300, 310, 345] | [30, 35, 55, 65, 150, 155, 180, 210, 275, 290, 295, 300, 315, 340, 350] | [15, 25, 30, 35, 75, 105, 125, 145, 205, 210, 225, 235, 280, 305, 340]"
2,2,8,6,8,55,"(1, 17)",10,34,[5],0.00000000,"[0.00000000, 0.00000000]",0.36814487,0.44898795,28->1,linprog,"[0.00000000, 0.00000000, 0.23626217, 0.00000000, 0.23606847, 0.00000000, 0.32602338, 0.00995671, 0.00000000, 0.19168926]","[0, 0, 236, 0, 236, 0, 326, 10, 0, 192]","[165, 136, 153, 172, 434, 431, 134, 166, 194, 190]","[30, 40, 75, 95, 110, 135, 170, 185, 195, 210, 295, 330, 335, 345, 350] | [10, 15, 50, 65, 100, 155, 165, 190, 205, 220, 260, 280, 320, 340, 345] | [10, 15, 50, 80, 125, 150, 160, 180, 195, 205, 210, 225, 300, 305, 320] | [30, 40, 75, 95, 110, 135, 170, 185, 195, 210, 295, 330, 335, 345, 350] | [15, 45, 50, 70, 85, 110, 175, 180, 230, 275, 290, 305, 345, 350, 365] | [15, 45, 50, 70, 85, 110, 175, 180, 230, 275, 290, 305, 345, 350, 365] | [10, 15, 50, 65, 100, 155, 165, 190, 205, 220, 260, 280, 320, 340, 345] | [30, 40, 75, 95, 110, 135, 170, 185, 195, 210, 295, 330, 335, 345, 350] | [25, 45, 110, 115, 120, 130, 140, 180, 200, 250, 265, 295, 310, 330, 350] | [25, 45, 110, 115, 120, 130, 140, 180, 200, 250, 265, 295, 310, 330, 350]"
2,2,8,6,8,56,"(9, 26)",10,32,"[1, 5]",0.00000000,"[0.00000000, 0.00000000]",0.36450374,0.42772308,4->26,linprog,"[0.13868539, 0.08895737, 0.20940400, 0.00000000, 0.00000000, 0.00000000, 0.04189066, 0.06787777, 0.04259818, 0.41058663]","[139, 89, 209, 0, 0, 0, 42, 68, 43, 410]","[509, 173, 1125, 93, 621, 229, 565, 1069, 1469, 8]","[20, 50, 65, 70, 120, 195, 240, 255, 285, 290, 300, 310, 315, 320, 335] | [15, 50, 100, 120, 135, 150, 185, 205, 220, 285, 290, 330, 345, 355, 365] | [10, 45, 60, 70, 115, 130, 135, 150, 165, 180, 195, 240, 290, 340, 360] | [5, 35, 55, 105, 120, 135, 150, 175, 195, 200, 255, 310, 315, 320, 345] | [25, 50, 85, 110, 115, 140, 215, 220, 230, 260, 290, 305, 330, 340, 360] | [5, 15, 70, 85, 135, 145, 155, 160, 165, 180, 200, 225, 280, 295, 360] | [35, 40, 55, 95, 105, 115, 135, 215, 235, 250, 275, 290, 310, 320, 365] | [10, 30, 50, 85, 95, 125, 140, 155, 180, 230, 245, 290, 320, 355, 365] | [10, 35, 45, 50, 95, 100, 150, 180, 215, 220, 240, 260, 295, 310, 360] | [5, 30, 55, 80, 105, 130, 155, 180, 205, 230, 255, 280, 305, 330, 355]"
