position_combination,selection_rank,mapping_id,candidate_source,selected_mapping_count,authorized_position_bers,authorized_max_ber,candidate_min_route_min_ber,candidate_average_route_min_ber,selected_pool_min_route_min_ber,selected_pool_average_route_min_ber,worst_route,route_min_bers
"(2, 7, 15, 17, 18, 25, 26, 27)",1,113,repair,10,"[0.00000000, 0.00000000, 0.00000000, 0.00000000, 0.00000000, 0.00000000, 0.00000000, 0.00000000]",0.00000000,0.03000000,0.44700000,0.03000000,0.44700000,5->15,"{'1->2': '0.43600000', '1->7': '0.49800000', '1->15': '0.35600000', '1->17': '0.37900000', '1->18': '0.46600000', '1->25': '0.38800000', '1->26': '0.47900000', '1->27': '0.34700000', '4->2': '0.44600000', '4->7': '0.49800000', '4->15': '0.35600000', '4->17': '0.45300000', '4->18': '0.49000000', '4->25': '0.44800000', '4->26': '0.38700000', '4->27': '0.46300000', '5->2': '0.49200000', '5->7': '0.46800000', '5->15': '0.03000000', '5->17': '0.48300000', '5->18': '0.49200000', '5->25': '0.50000000', '5->26': '0.48100000', '5->27': '0.47700000', '6->2': '0.48900000', '6->7': '0.47500000', '6->15': '0.49700000', '6->17': '0.45200000', '6->18': '0.48300000', '6->25': '0.48700000', '6->26': '0.48200000', '6->27': '0.45600000', '9->2': '0.47300000', '9->7': '0.32100000', '9->15': '0.49900000', '9->17': '0.48600000', '9->18': '0.47100000', '9->25': '0.47900000', '9->26': '0.40400000', '9->27': '0.45200000', '11->2': '0.46900000', '11->7': '0.47900000', '11->15': '0.47500000', '11->17': '0.43600000', '11->18': '0.45100000', '11->25': '0.48100000', '11->26': '0.47200000', '11->27': '0.48200000', '16->2': '0.49600000', '16->7': '0.48600000', '16->15': '0.47200000', '16->17': '0.45500000', '16->18': '0.48800000', '16->25': '0.43200000', '16->26': '0.46700000', '16->27': '0.34900000', '20->2': '0.38500000', '20->7': '0.46900000', '20->15': '0.45700000', '20->17': '0.49800000', '20->18': '0.46300000', '20->25': '0.47700000', '20->26': '0.49800000', '20->27': '0.47600000', '21->2': '0.47000000', '21->7': '0.47000000', '21->15': '0.44600000', '21->17': '0.49700000', '21->18': '0.41200000', '21->25': '0.48200000', '21->26': '0.39700000', '21->27': '0.49700000', '22->2': '0.49000000', '22->7': '0.46600000', '22->15': '0.34000000', '22->17': '0.44500000', '22->18': '0.46000000', '22->25': '0.49600000', '22->26': '0.40300000', '22->27': '0.44500000', '24->2': '0.27200000', '24->7': '0.45200000', '24->15': '0.40600000', '24->17': '0.39100000', '24->18': '0.46000000', '24->25': '0.46800000', '24->26': '0.40100000', '24->27': '0.47300000', '28->2': '0.44400000', '28->7': '0.38400000', '28->15': '0.45400000', '28->17': '0.41900000', '28->18': '0.49200000', '28->25': '0.41600000', '28->26': '0.47500000', '28->27': '0.45700000'}"
"(2, 7, 15, 17, 18, 25, 26, 27)",2,41,repair,10,"[0.00000000, 0.00000000, 0.00000000, 0.00000000, 0.00000000, 0.00000000, 0.00000000, 0.00000000]",0.00000000,0.02900000,0.45437500,0.02950000,0.45360417,5->15,"{'1->2': '0.44000000', '1->7': '0.45600000', '1->15': '0.39400000', '1->17': '0.42900000', '1->18': '0.48000000', '1->25': '0.41800000', '1->26': '0.47100000', '1->27': '0.26500000', '4->2': '0.49700000', '4->7': '0.49700000', '4->15': '0.36500000', '4->17': '0.34000000', '4->18': '0.47700000', '4->25': '0.47700000', '4->26': '0.47800000', '4->27': '0.47200000', '5->2': '0.49700000', '5->7': '0.46100000', '5->15': '0.02900000', '5->17': '0.49400000', '5->18': '0.46900000', '5->25': '0.47700000', '5->26': '0.46600000', '5->27': '0.47000000', '6->2': '0.48600000', '6->7': '0.48800000', '6->15': '0.48200000', '6->17': '0.49100000', '6->18': '0.47600000', '6->25': '0.48800000', '6->26': '0.48500000', '6->27': '0.43100000', '9->2': '0.48600000', '9->7': '0.46400000', '9->15': '0.49400000', '9->17': '0.49900000', '9->18': '0.49000000', '9->25': '0.47600000', '9->26': '0.49500000', '9->27': '0.47900000', '11->2': '0.48900000', '11->7': '0.48900000', '11->15': '0.48700000', '11->17': '0.45400000', '11->18': '0.48100000', '11->25': '0.47700000', '11->26': '0.47600000', '11->27': '0.48400000', '16->2': '0.48100000', '16->7': '0.49900000', '16->15': '0.49700000', '16->17': '0.45400000', '16->18': '0.48100000', '16->25': '0.42300000', '16->26': '0.49600000', '16->27': '0.31800000', '20->2': '0.46300000', '20->7': '0.47100000', '20->15': '0.49900000', '20->17': '0.47000000', '20->18': '0.36700000', '20->25': '0.45900000', '20->26': '0.45000000', '20->27': '0.49200000', '21->2': '0.47000000', '21->7': '0.47400000', '21->15': '0.46000000', '21->17': '0.44300000', '21->18': '0.44200000', '21->25': '0.46200000', '21->26': '0.44100000', '21->27': '0.46900000', '22->2': '0.48700000', '22->7': '0.48500000', '22->15': '0.39700000', '22->17': '0.47000000', '22->18': '0.47700000', '22->25': '0.48100000', '22->26': '0.48000000', '22->27': '0.48800000', '24->2': '0.31500000', '24->7': '0.43500000', '24->15': '0.42100000', '24->17': '0.43000000', '24->18': '0.48100000', '24->25': '0.39700000', '24->26': '0.39000000', '24->27': '0.42400000', '28->2': '0.48000000', '28->7': '0.40600000', '28->15': '0.48600000', '28->17': '0.46300000', '28->18': '0.49800000', '28->25': '0.40800000', '28->26': '0.47900000', '28->27': '0.49500000'}"
"(2, 7, 15, 17, 18, 25, 26, 27)",3,19,base,10,"[0.00000000, 0.00000000, 0.00000000, 0.00000000, 0.00000000, 0.00000000, 0.00000000, 0.00000000]",0.00000000,0.02600000,0.44364583,0.02833333,0.45263889,5->15,"{'1->2': '0.40500000', '1->7': '0.47500000', '1->15': '0.34300000', '1->17': '0.40400000', '1->18': '0.48100000', '1->25': '0.36900000', '1->26': '0.45400000', '1->27': '0.29200000', '4->2': '0.38600000', '4->7': '0.45400000', '4->15': '0.36400000', '4->17': '0.45500000', '4->18': '0.46600000', '4->25': '0.47400000', '4->26': '0.48500000', '4->27': '0.48500000', '5->2': '0.49400000', '5->7': '0.45800000', '5->15': '0.02600000', '5->17': '0.48900000', '5->18': '0.49400000', '5->25': '0.47000000', '5->26': '0.47700000', '5->27': '0.47500000', '6->2': '0.48700000', '6->7': '0.46900000', '6->15': '0.48500000', '6->17': '0.40200000', '6->18': '0.47300000', '6->25': '0.45100000', '6->26': '0.48400000', '6->27': '0.49000000', '9->2': '0.44600000', '9->7': '0.47200000', '9->15': '0.44400000', '9->17': '0.49300000', '9->18': '0.48000000', '9->25': '0.49000000', '9->26': '0.48500000', '9->27': '0.46100000', '11->2': '0.49900000', '11->7': '0.45100000', '11->15': '0.44900000', '11->17': '0.44600000', '11->18': '0.46700000', '11->25': '0.49300000', '11->26': '0.47000000', '11->27': '0.47400000', '16->2': '0.48000000', '16->7': '0.45000000', '16->15': '0.46400000', '16->17': '0.45700000', '16->18': '0.42200000', '16->25': '0.46600000', '16->26': '0.49500000', '16->27': '0.24900000', '20->2': '0.34800000', '20->7': '0.48000000', '20->15': '0.48000000', '20->17': '0.48900000', '20->18': '0.40200000', '20->25': '0.49800000', '20->26': '0.49500000', '20->27': '0.49500000', '21->2': '0.45900000', '21->7': '0.46300000', '21->15': '0.47100000', '21->17': '0.49000000', '21->18': '0.47300000', '21->25': '0.34700000', '21->26': '0.34600000', '21->27': '0.47800000', '22->2': '0.46300000', '22->7': '0.49100000', '22->15': '0.33300000', '22->17': '0.45600000', '22->18': '0.46300000', '22->25': '0.46700000', '22->26': '0.45000000', '22->27': '0.41200000', '24->2': '0.22800000', '24->7': '0.41800000', '24->15': '0.46000000', '24->17': '0.36300000', '24->18': '0.49400000', '24->25': '0.43800000', '24->26': '0.41100000', '24->27': '0.47500000', '28->2': '0.41700000', '28->7': '0.42100000', '28->15': '0.49300000', '28->17': '0.40200000', '28->18': '0.46900000', '28->25': '0.44700000', '28->26': '0.48600000', '28->27': '0.50000000'}"
"(2, 7, 15, 17, 18, 25, 26, 27)",4,76,repair,10,"[0.00000000, 0.00000000, 0.00000000, 0.00000000, 0.00000000, 0.00000000, 0.00000000, 0.00000000]",0.00000000,0.01900000,0.44810417,0.02600000,0.45283333,5->15,"{'1->2': '0.39500000', '1->7': '0.48300000', '1->15': '0.34100000', '1->17': '0.39800000', '1->18': '0.49500000', '1->25': '0.43900000', '1->26': '0.47200000', '1->27': '0.21400000', '4->2': '0.48700000', '4->7': '0.46900000', '4->15': '0.39100000', '4->17': '0.38200000', '4->18': '0.49900000', '4->25': '0.47100000', '4->26': '0.45800000', '4->27': '0.50000000', '5->2': '0.49100000', '5->7': '0.46900000', '5->15': '0.01900000', '5->17': '0.50000000', '5->18': '0.49900000', '5->25': '0.47700000', '5->26': '0.46400000', '5->27': '0.46600000', '6->2': '0.48300000', '6->7': '0.49500000', '6->15': '0.49700000', '6->17': '0.42600000', '6->18': '0.45900000', '6->25': '0.48700000', '6->26': '0.48400000', '6->27': '0.49600000', '9->2': '0.49000000', '9->7': '0.49600000', '9->15': '0.46400000', '9->17': '0.49300000', '9->18': '0.49200000', '9->25': '0.47200000', '9->26': '0.49900000', '9->27': '0.44300000', '11->2': '0.47100000', '11->7': '0.49300000', '11->15': '0.41300000', '11->17': '0.44800000', '11->18': '0.46900000', '11->25': '0.43700000', '11->26': '0.48600000', '11->27': '0.43400000', '16->2': '0.46200000', '16->7': '0.49800000', '16->15': '0.47800000', '16->17': '0.40900000', '16->18': '0.48200000', '16->25': '0.49600000', '16->26': '0.48700000', '16->27': '0.26900000', '20->2': '0.45200000', '20->7': '0.49800000', '20->15': '0.48800000', '20->17': '0.41100000', '20->18': '0.46600000', '20->25': '0.47800000', '20->26': '0.49500000', '20->27': '0.48100000', '21->2': '0.48400000', '21->7': '0.49200000', '21->15': '0.45800000', '21->17': '0.45700000', '21->18': '0.49600000', '21->25': '0.42400000', '21->26': '0.34500000', '21->27': '0.49300000', '22->2': '0.45400000', '22->7': '0.47400000', '22->15': '0.29200000', '22->17': '0.44700000', '22->18': '0.42600000', '22->25': '0.46600000', '22->26': '0.42500000', '22->27': '0.46300000', '24->2': '0.29000000', '24->7': '0.43600000', '24->15': '0.45400000', '24->17': '0.34700000', '24->18': '0.46200000', '24->25': '0.44200000', '24->26': '0.44900000', '24->27': '0.42100000', '28->2': '0.47000000', '28->7': '0.34000000', '28->15': '0.49000000', '28->17': '0.45100000', '28->18': '0.49200000', '28->25': '0.44600000', '28->26': '0.49700000', '28->27': '0.47900000'}"
"(2, 7, 15, 17, 18, 25, 26, 27)",5,94,repair,10,"[0.00000000, 0.00000000, 0.00000000, 0.00000000, 0.00000000, 0.00000000, 0.00000000, 0.00000000]",0.00000000,0.01600000,0.44708333,0.02400000,0.45288750,5->15,"{'1->2': '0.43100000', '1->7': '0.47100000', '1->15': '0.38700000', '1->17': '0.38600000', '1->18': '0.49300000', '1->25': '0.43100000', '1->26': '0.45000000', '1->27': '0.29800000', '4->2': '0.47400000', '4->7': '0.48000000', '4->15': '0.35000000', '4->17': '0.39900000', '4->18': '0.49400000', '4->25': '0.42400000', '4->26': '0.41500000', '4->27': '0.48900000', '5->2': '0.47600000', '5->7': '0.47000000', '5->15': '0.01600000', '5->17': '0.49700000', '5->18': '0.49400000', '5->25': '0.48000000', '5->26': '0.45700000', '5->27': '0.49100000', '6->2': '0.49100000', '6->7': '0.49100000', '6->15': '0.49100000', '6->17': '0.46600000', '6->18': '0.46100000', '6->25': '0.46900000', '6->26': '0.49200000', '6->27': '0.47000000', '9->2': '0.48000000', '9->7': '0.46400000', '9->15': '0.40600000', '9->17': '0.48900000', '9->18': '0.47600000', '9->25': '0.47000000', '9->26': '0.48700000', '9->27': '0.49100000', '11->2': '0.48100000', '11->7': '0.46300000', '11->15': '0.40300000', '11->17': '0.48200000', '11->18': '0.43700000', '11->25': '0.43500000', '11->26': '0.47800000', '11->27': '0.49000000', '16->2': '0.48800000', '16->7': '0.45600000', '16->15': '0.48600000', '16->17': '0.44500000', '16->18': '0.48200000', '16->25': '0.47000000', '16->26': '0.49300000', '16->27': '0.29100000', '20->2': '0.33500000', '20->7': '0.43700000', '20->15': '0.46900000', '20->17': '0.47400000', '20->18': '0.41300000', '20->25': '0.49900000', '20->26': '0.44200000', '20->27': '0.47200000', '21->2': '0.44400000', '21->7': '0.48800000', '21->15': '0.50000000', '21->17': '0.48500000', '21->18': '0.49600000', '21->25': '0.45200000', '21->26': '0.46300000', '21->27': '0.45300000', '22->2': '0.46100000', '22->7': '0.46700000', '22->15': '0.29700000', '22->17': '0.42200000', '22->18': '0.44500000', '22->25': '0.49500000', '22->26': '0.46800000', '22->27': '0.41800000', '24->2': '0.32700000', '24->7': '0.43100000', '24->15': '0.47500000', '24->17': '0.31800000', '24->18': '0.46700000', '24->25': '0.45500000', '24->26': '0.42800000', '24->27': '0.45400000', '28->2': '0.41800000', '28->7': '0.44800000', '28->15': '0.43000000', '28->17': '0.44300000', '28->18': '0.49800000', '28->25': '0.42400000', '28->26': '0.48700000', '28->27': '0.49500000'}"
"(2, 7, 15, 17, 18, 25, 26, 27)",6,85,repair,10,"[0.00000000, 0.00000000, 0.00000000, 0.00000000, 0.00000000, 0.00000000, 0.00000000, 0.00000000]",0.00000000,0.01400000,0.44329167,0.02233333,0.45186111,5->15,"{'1->2': '0.35400000', '1->7': '0.48000000', '1->15': '0.41400000', '1->17': '0.39300000', '1->18': '0.48800000', '1->25': '0.41000000', '1->26': '0.46100000', '1->27': '0.26300000', '4->2': '0.39200000', '4->7': '0.50000000', '4->15': '0.35400000', '4->17': '0.47100000', '4->18': '0.49400000', '4->25': '0.40000000', '4->26': '0.49300000', '4->27': '0.45900000', '5->2': '0.48200000', '5->7': '0.46000000', '5->15': '0.01400000', '5->17': '0.49500000', '5->18': '0.48400000', '5->25': '0.48000000', '5->26': '0.47300000', '5->27': '0.48300000', '6->2': '0.46300000', '6->7': '0.43500000', '6->15': '0.49900000', '6->17': '0.43400000', '6->18': '0.48500000', '6->25': '0.43100000', '6->26': '0.48200000', '6->27': '0.49000000', '9->2': '0.48300000', '9->7': '0.40700000', '9->15': '0.41900000', '9->17': '0.49400000', '9->18': '0.49500000', '9->25': '0.47100000', '9->26': '0.47800000', '9->27': '0.46800000', '11->2': '0.49900000', '11->7': '0.49100000', '11->15': '0.42500000', '11->17': '0.48000000', '11->18': '0.49500000', '11->25': '0.47500000', '11->26': '0.47600000', '11->27': '0.45400000', '16->2': '0.48800000', '16->7': '0.47400000', '16->15': '0.44800000', '16->17': '0.37500000', '16->18': '0.47000000', '16->25': '0.48200000', '16->26': '0.44300000', '16->27': '0.33100000', '20->2': '0.48800000', '20->7': '0.44200000', '20->15': '0.46800000', '20->17': '0.42900000', '20->18': '0.41600000', '20->25': '0.49200000', '20->26': '0.49100000', '20->27': '0.47300000', '21->2': '0.46900000', '21->7': '0.49500000', '21->15': '0.41500000', '21->17': '0.46600000', '21->18': '0.44500000', '21->25': '0.37900000', '21->26': '0.49000000', '21->27': '0.46600000', '22->2': '0.47100000', '22->7': '0.49700000', '22->15': '0.26300000', '22->17': '0.42400000', '22->18': '0.45900000', '22->25': '0.49500000', '22->26': '0.46400000', '22->27': '0.43000000', '24->2': '0.24400000', '24->7': '0.49600000', '24->15': '0.37800000', '24->17': '0.39300000', '24->18': '0.49400000', '24->25': '0.43400000', '24->26': '0.43900000', '24->27': '0.42100000', '28->2': '0.48000000', '28->7': '0.37000000', '28->15': '0.46400000', '28->17': '0.38300000', '28->18': '0.46400000', '28->25': '0.39800000', '28->26': '0.44300000', '28->27': '0.49100000'}"
"(2, 7, 15, 17, 18, 25, 26, 27)",7,133,repair,10,"[0.00000000, 0.00000000, 0.00000000, 0.00000000, 0.00000000, 0.00000000, 0.00000000, 0.00000000]",0.00000000,0.01300000,0.44410417,0.02100000,0.45188393,5->15,"{'1->2': '0.39500000', '1->7': '0.49900000', '1->15': '0.45100000', '1->17': '0.43000000', '1->18': '0.48900000', '1->25': '0.43700000', '1->26': '0.45200000', '1->27': '0.16800000', '4->2': '0.48100000', '4->7': '0.47900000', '4->15': '0.37300000', '4->17': '0.45400000', '4->18': '0.49500000', '4->25': '0.45100000', '4->26': '0.42200000', '4->27': '0.48000000', '5->2': '0.48700000', '5->7': '0.45500000', '5->15': '0.01300000', '5->17': '0.49400000', '5->18': '0.49700000', '5->25': '0.48900000', '5->26': '0.46800000', '5->27': '0.48400000', '6->2': '0.49000000', '6->7': '0.43800000', '6->15': '0.46600000', '6->17': '0.48100000', '6->18': '0.49600000', '6->25': '0.44600000', '6->26': '0.47300000', '6->27': '0.48700000', '9->2': '0.49100000', '9->7': '0.42300000', '9->15': '0.45300000', '9->17': '0.45800000', '9->18': '0.49100000', '9->25': '0.48300000', '9->26': '0.46200000', '9->27': '0.45800000', '11->2': '0.48300000', '11->7': '0.48500000', '11->15': '0.40300000', '11->17': '0.45400000', '11->18': '0.46900000', '11->25': '0.45700000', '11->26': '0.49600000', '11->27': '0.47600000', '16->2': '0.47000000', '16->7': '0.48600000', '16->15': '0.46400000', '16->17': '0.32500000', '16->18': '0.46600000', '16->25': '0.45600000', '16->26': '0.43900000', '16->27': '0.39500000', '20->2': '0.36100000', '20->7': '0.49100000', '20->15': '0.48300000', '20->17': '0.45800000', '20->18': '0.37300000', '20->25': '0.46700000', '20->26': '0.46600000', '20->27': '0.46400000', '21->2': '0.48700000', '21->7': '0.47500000', '21->15': '0.45700000', '21->17': '0.46200000', '21->18': '0.42900000', '21->25': '0.45300000', '21->26': '0.36400000', '21->27': '0.49400000', '22->2': '0.49600000', '22->7': '0.46600000', '22->15': '0.27800000', '22->17': '0.41700000', '22->18': '0.48800000', '22->25': '0.44200000', '22->26': '0.42500000', '22->27': '0.46900000', '24->2': '0.31100000', '24->7': '0.46700000', '24->15': '0.45300000', '24->17': '0.31200000', '24->18': '0.48700000', '24->25': '0.47900000', '24->26': '0.32400000', '24->27': '0.48400000', '28->2': '0.46200000', '28->7': '0.42200000', '28->15': '0.47400000', '28->17': '0.41900000', '28->18': '0.44600000', '28->25': '0.41200000', '28->26': '0.45900000', '28->27': '0.49500000'}"
"(2, 7, 15, 17, 18, 25, 26, 27)",8,22,base,10,"[0.00000000, 0.00000000, 0.00000000, 0.00000000, 0.00000000, 0.00000000, 0.00000000, 0.00000000]",0.00000000,0.01300000,0.44185417,0.02000000,0.45119271,5->15,"{'1->2': '0.45000000', '1->7': '0.49000000', '1->15': '0.36600000', '1->17': '0.40300000', '1->18': '0.48600000', '1->25': '0.37800000', '1->26': '0.40300000', '1->27': '0.23700000', '4->2': '0.47000000', '4->7': '0.46400000', '4->15': '0.28600000', '4->17': '0.44700000', '4->18': '0.47800000', '4->25': '0.42200000', '4->26': '0.43500000', '4->27': '0.44100000', '5->2': '0.49100000', '5->7': '0.45900000', '5->15': '0.01300000', '5->17': '0.49400000', '5->18': '0.49300000', '5->25': '0.48100000', '5->26': '0.47200000', '5->27': '0.48000000', '6->2': '0.48900000', '6->7': '0.47300000', '6->15': '0.48900000', '6->17': '0.46000000', '6->18': '0.49100000', '6->25': '0.46700000', '6->26': '0.49400000', '6->27': '0.46200000', '9->2': '0.45400000', '9->7': '0.39600000', '9->15': '0.43000000', '9->17': '0.49300000', '9->18': '0.48200000', '9->25': '0.49600000', '9->26': '0.46500000', '9->27': '0.48700000', '11->2': '0.49900000', '11->7': '0.48700000', '11->15': '0.42500000', '11->17': '0.48600000', '11->18': '0.44900000', '11->25': '0.46700000', '11->26': '0.46600000', '11->27': '0.45400000', '16->2': '0.48600000', '16->7': '0.44200000', '16->15': '0.46000000', '16->17': '0.35900000', '16->18': '0.49600000', '16->25': '0.50000000', '16->26': '0.46500000', '16->27': '0.30500000', '20->2': '0.49800000', '20->7': '0.49800000', '20->15': '0.45600000', '20->17': '0.36100000', '20->18': '0.30800000', '20->25': '0.50000000', '20->26': '0.49100000', '20->27': '0.49900000', '21->2': '0.49400000', '21->7': '0.47000000', '21->15': '0.37000000', '21->17': '0.43300000', '21->18': '0.48400000', '21->25': '0.34600000', '21->26': '0.37100000', '21->27': '0.48700000', '22->2': '0.45000000', '22->7': '0.46400000', '22->15': '0.37000000', '22->17': '0.43900000', '22->18': '0.48400000', '22->25': '0.46600000', '22->26': '0.42700000', '22->27': '0.42300000', '24->2': '0.31500000', '24->7': '0.43300000', '24->15': '0.39500000', '24->17': '0.35600000', '24->18': '0.47300000', '24->25': '0.45100000', '24->26': '0.41400000', '24->27': '0.46200000', '28->2': '0.43400000', '28->7': '0.48400000', '28->15': '0.48800000', '28->17': '0.43700000', '28->18': '0.47400000', '28->25': '0.41200000', '28->26': '0.49500000', '28->27': '0.49300000'}"
"(2, 7, 15, 17, 18, 25, 26, 27)",9,28,base,10,"[0.00000000, 0.00000000, 0.00000000, 0.00000000, 0.00000000, 0.00000000, 0.00000000, 0.00000000]",0.00000000,0.01200000,0.44987500,0.01911111,0.45155324,5->15,"{'1->2': '0.38900000', '1->7': '0.46100000', '1->15': '0.37300000', '1->17': '0.42600000', '1->18': '0.47100000', '1->25': '0.42100000', '1->26': '0.45200000', '1->27': '0.27000000', '4->2': '0.41800000', '4->7': '0.46000000', '4->15': '0.37000000', '4->17': '0.43100000', '4->18': '0.48200000', '4->25': '0.45200000', '4->26': '0.44900000', '4->27': '0.49900000', '5->2': '0.49000000', '5->7': '0.45800000', '5->15': '0.01200000', '5->17': '0.48100000', '5->18': '0.50000000', '5->25': '0.48600000', '5->26': '0.46900000', '5->27': '0.47900000', '6->2': '0.49800000', '6->7': '0.45600000', '6->15': '0.45800000', '6->17': '0.46900000', '6->18': '0.42400000', '6->25': '0.43600000', '6->26': '0.47900000', '6->27': '0.47700000', '9->2': '0.47900000', '9->7': '0.46900000', '9->15': '0.43900000', '9->17': '0.49000000', '9->18': '0.49700000', '9->25': '0.49500000', '9->26': '0.48000000', '9->27': '0.47200000', '11->2': '0.48900000', '11->7': '0.44100000', '11->15': '0.43700000', '11->17': '0.48600000', '11->18': '0.48300000', '11->25': '0.49900000', '11->26': '0.44800000', '11->27': '0.48800000', '16->2': '0.48900000', '16->7': '0.44100000', '16->15': '0.49300000', '16->17': '0.40200000', '16->18': '0.45300000', '16->25': '0.49100000', '16->26': '0.49400000', '16->27': '0.30000000', '20->2': '0.46000000', '20->7': '0.49400000', '20->15': '0.43600000', '20->17': '0.42700000', '20->18': '0.39000000', '20->25': '0.48200000', '20->26': '0.47900000', '20->27': '0.49500000', '21->2': '0.49700000', '21->7': '0.45100000', '21->15': '0.47700000', '21->17': '0.48600000', '21->18': '0.49700000', '21->25': '0.38900000', '21->26': '0.36000000', '21->27': '0.49600000', '22->2': '0.49200000', '22->7': '0.44400000', '22->15': '0.25400000', '22->17': '0.45900000', '22->18': '0.49800000', '22->25': '0.50000000', '22->26': '0.45700000', '22->27': '0.49700000', '24->2': '0.28000000', '24->7': '0.47200000', '24->15': '0.41400000', '24->17': '0.39500000', '24->18': '0.49200000', '24->25': '0.46600000', '24->26': '0.42100000', '24->27': '0.46700000', '28->2': '0.48200000', '28->7': '0.47400000', '28->15': '0.49400000', '28->17': '0.43500000', '28->18': '0.48200000', '28->25': '0.48000000', '28->26': '0.47100000', '28->27': '0.49500000'}"
"(2, 7, 15, 17, 18, 25, 26, 27)",10,115,repair,10,"[0.00000000, 0.00000000, 0.00000000, 0.00000000, 0.00000000, 0.00000000, 0.00000000, 0.00000000]",0.00000000,0.01200000,0.44787500,0.01840000,0.45168750,5->15,"{'1->2': '0.35100000', '1->7': '0.49700000', '1->15': '0.46100000', '1->17': '0.45600000', '1->18': '0.49700000', '1->25': '0.42700000', '1->26': '0.44200000', '1->27': '0.27400000', '4->2': '0.45900000', '4->7': '0.47900000', '4->15': '0.35500000', '4->17': '0.41400000', '4->18': '0.47500000', '4->25': '0.44900000', '4->26': '0.48400000', '4->27': '0.45600000', '5->2': '0.49000000', '5->7': '0.45600000', '5->15': '0.01200000', '5->17': '0.46900000', '5->18': '0.49800000', '5->25': '0.48600000', '5->26': '0.47700000', '5->27': '0.48900000', '6->2': '0.46900000', '6->7': '0.48300000', '6->15': '0.47700000', '6->17': '0.46000000', '6->18': '0.48700000', '6->25': '0.49100000', '6->26': '0.49400000', '6->27': '0.45000000', '9->2': '0.48700000', '9->7': '0.44500000', '9->15': '0.49300000', '9->17': '0.49800000', '9->18': '0.45900000', '9->25': '0.47100000', '9->26': '0.48200000', '9->27': '0.47400000', '11->2': '0.49600000', '11->7': '0.47000000', '11->15': '0.46600000', '11->17': '0.42900000', '11->18': '0.49400000', '11->25': '0.45800000', '11->26': '0.44500000', '11->27': '0.45300000', '16->2': '0.47400000', '16->7': '0.45800000', '16->15': '0.47800000', '16->17': '0.40300000', '16->18': '0.44400000', '16->25': '0.48200000', '16->26': '0.49900000', '16->27': '0.31100000', '20->2': '0.49500000', '20->7': '0.49700000', '20->15': '0.46700000', '20->17': '0.41200000', '20->18': '0.42700000', '20->25': '0.47700000', '20->26': '0.49800000', '20->27': '0.50000000', '21->2': '0.47800000', '21->7': '0.49600000', '21->15': '0.45000000', '21->17': '0.46100000', '21->18': '0.43600000', '21->25': '0.48800000', '21->26': '0.34100000', '21->27': '0.47100000', '22->2': '0.44800000', '22->7': '0.44000000', '22->15': '0.29000000', '22->17': '0.44900000', '22->18': '0.44600000', '22->25': '0.49400000', '22->26': '0.44900000', '22->27': '0.45300000', '24->2': '0.29200000', '24->7': '0.42600000', '24->15': '0.40400000', '24->17': '0.36100000', '24->18': '0.48200000', '24->25': '0.42200000', '24->26': '0.38300000', '24->27': '0.40100000', '28->2': '0.46400000', '28->7': '0.49800000', '28->15': '0.46400000', '28->17': '0.47700000', '28->18': '0.46600000', '28->25': '0.42200000', '28->26': '0.46900000', '28->27': '0.46900000'}"
"(1, 4, 5, 9, 16, 20, 21, 22)",1,127,repair,10,"[0.00000000, 0.00000000, 0.00000000, 0.00000000, 0.00000000, 0.00000000, 0.00000000, 0.00000000]",0.00000000,0.16100000,0.45100000,0.16100000,0.45100000,27->1,"{'2->1': '0.36800000', '2->4': '0.42600000', '2->5': '0.49600000', '2->9': '0.49600000', '2->16': '0.46500000', '2->20': '0.37100000', '2->21': '0.48400000', '2->22': '0.44600000', '6->1': '0.49000000', '6->4': '0.41000000', '6->5': '0.48000000', '6->9': '0.48400000', '6->16': '0.42100000', '6->20': '0.48900000', '6->21': '0.47400000', '6->22': '0.35400000', '7->1': '0.47900000', '7->4': '0.46900000', '7->5': '0.48900000', '7->9': '0.36300000', '7->16': '0.45200000', '7->20': '0.42800000', '7->21': '0.48100000', '7->22': '0.44700000', '11->1': '0.43900000', '11->4': '0.46500000', '11->5': '0.48900000', '11->9': '0.46900000', '11->16': '0.37400000', '11->20': '0.48600000', '11->21': '0.43100000', '11->22': '0.49700000', '15->1': '0.42500000', '15->4': '0.44100000', '15->5': '0.22500000', '15->9': '0.48900000', '15->16': '0.48000000', '15->20': '0.45000000', '15->21': '0.48500000', '15->22': '0.31900000', '17->1': '0.43600000', '17->4': '0.40000000', '17->5': '0.49200000', '17->9': '0.49200000', '17->16': '0.47700000', '17->20': '0.45900000', '17->21': '0.49600000', '17->22': '0.45600000', '18->1': '0.47300000', '18->4': '0.47900000', '18->5': '0.46300000', '18->9': '0.48700000', '18->16': '0.45200000', '18->20': '0.39600000', '18->21': '0.45900000', '18->22': '0.47100000', '24->1': '0.49200000', '24->4': '0.47600000', '24->5': '0.44800000', '24->9': '0.42600000', '24->16': '0.48900000', '24->20': '0.47100000', '24->21': '0.48200000', '24->22': '0.48000000', '25->1': '0.34800000', '25->4': '0.44800000', '25->5': '0.49800000', '25->9': '0.48600000', '25->16': '0.46300000', '25->20': '0.47700000', '25->21': '0.40600000', '25->22': '0.48000000', '26->1': '0.46700000', '26->4': '0.49300000', '26->5': '0.48300000', '26->9': '0.44300000', '26->16': '0.39400000', '26->20': '0.49800000', '26->21': '0.47300000', '26->22': '0.40900000', '27->1': '0.16100000', '27->4': '0.47900000', '27->5': '0.48700000', '27->9': '0.48900000', '27->16': '0.41000000', '27->20': '0.47000000', '27->21': '0.49500000', '27->22': '0.49300000', '28->1': '0.46700000', '28->4': '0.47300000', '28->5': '0.49300000', '28->9': '0.49700000', '28->16': '0.30200000', '28->20': '0.47200000', '28->21': '0.47500000', '28->22': '0.48900000'}"
"(1, 4, 5, 9, 16, 20, 21, 22)",2,22,base,10,"[0.00000000, 0.00000000, 0.00000000, 0.00000000, 0.00000000, 0.00000000, 0.00000000, 0.00000000]",0.00000000,0.14900000,0.44889583,0.15500000,0.45361458,27->1,"{'2->1': '0.36600000', '2->4': '0.46000000', '2->5': '0.48400000', '2->9': '0.46200000', '2->16': '0.45300000', '2->20': '0.46900000', '2->21': '0.47800000', '2->22': '0.46400000', '6->1': '0.47700000', '6->4': '0.37100000', '6->5': '0.46100000', '6->9': '0.49700000', '6->16': '0.47400000', '6->20': '0.48000000', '6->21': '0.45300000', '6->22': '0.31500000', '7->1': '0.47000000', '7->4': '0.48000000', '7->5': '0.48600000', '7->9': '0.38000000', '7->16': '0.42300000', '7->20': '0.47700000', '7->21': '0.49200000', '7->22': '0.50000000', '11->1': '0.46800000', '11->4': '0.43200000', '11->5': '0.48400000', '11->9': '0.45000000', '11->16': '0.37700000', '11->20': '0.48700000', '11->21': '0.46000000', '11->22': '0.49800000', '15->1': '0.39000000', '15->4': '0.45600000', '15->5': '0.25800000', '15->9': '0.44200000', '15->16': '0.46100000', '15->20': '0.46100000', '15->21': '0.46200000', '15->22': '0.39000000', '17->1': '0.39600000', '17->4': '0.43600000', '17->5': '0.49200000', '17->9': '0.48000000', '17->16': '0.41700000', '17->20': '0.42300000', '17->21': '0.48400000', '17->22': '0.48000000', '18->1': '0.49800000', '18->4': '0.49000000', '18->5': '0.48200000', '18->9': '0.49000000', '18->16': '0.41300000', '18->20': '0.46500000', '18->21': '0.44000000', '18->22': '0.49200000', '24->1': '0.45800000', '24->4': '0.46200000', '24->5': '0.48800000', '24->9': '0.47000000', '24->16': '0.48700000', '24->20': '0.45500000', '24->21': '0.49800000', '24->22': '0.38600000', '25->1': '0.27900000', '25->4': '0.43100000', '25->5': '0.46500000', '25->9': '0.48300000', '25->16': '0.48800000', '25->20': '0.49400000', '25->21': '0.42900000', '25->22': '0.43700000', '26->1': '0.46100000', '26->4': '0.45500000', '26->5': '0.48700000', '26->9': '0.45700000', '26->16': '0.48400000', '26->20': '0.45000000', '26->21': '0.45900000', '26->22': '0.39900000', '27->1': '0.14900000', '27->4': '0.47900000', '27->5': '0.48900000', '27->9': '0.48700000', '27->16': '0.40600000', '27->20': '0.49600000', '27->21': '0.49700000', '27->22': '0.48300000', '28->1': '0.49800000', '28->4': '0.48800000', '28->5': '0.45000000', '28->9': '0.49200000', '28->16': '0.18900000', '28->20': '0.45300000', '28->21': '0.49200000', '28->22': '0.45800000'}"
"(1, 4, 5, 9, 16, 20, 21, 22)",3,94,repair,10,"[0.00000000, 0.00000000, 0.00000000, 0.00000000, 0.00000000, 0.00000000, 0.00000000, 0.00000000]",0.00000000,0.13000000,0.44847917,0.15133333,0.45350694,15->5,"{'2->1': '0.34300000', '2->4': '0.44900000', '2->5': '0.49300000', '2->9': '0.49900000', '2->16': '0.47000000', '2->20': '0.46200000', '2->21': '0.47300000', '2->22': '0.37500000', '6->1': '0.46400000', '6->4': '0.36400000', '6->5': '0.48600000', '6->9': '0.49200000', '6->16': '0.42900000', '6->20': '0.49100000', '6->21': '0.48600000', '6->22': '0.35400000', '7->1': '0.44300000', '7->4': '0.48100000', '7->5': '0.49300000', '7->9': '0.36700000', '7->16': '0.43800000', '7->20': '0.47600000', '7->21': '0.46100000', '7->22': '0.47500000', '11->1': '0.48300000', '11->4': '0.39100000', '11->5': '0.48100000', '11->9': '0.44700000', '11->16': '0.33000000', '11->20': '0.49400000', '11->21': '0.46900000', '11->22': '0.48500000', '15->1': '0.42200000', '15->4': '0.49600000', '15->5': '0.13000000', '15->9': '0.47400000', '15->16': '0.49700000', '15->20': '0.48900000', '15->21': '0.49400000', '15->22': '0.36600000', '17->1': '0.38900000', '17->4': '0.46700000', '17->5': '0.47700000', '17->9': '0.47300000', '17->16': '0.46000000', '17->20': '0.37600000', '17->21': '0.47700000', '17->22': '0.45100000', '18->1': '0.49400000', '18->4': '0.49400000', '18->5': '0.47200000', '18->9': '0.49600000', '18->16': '0.43900000', '18->20': '0.44900000', '18->21': '0.44400000', '18->22': '0.38400000', '24->1': '0.45200000', '24->4': '0.48200000', '24->5': '0.45000000', '24->9': '0.44200000', '24->16': '0.46500000', '24->20': '0.49300000', '24->21': '0.47200000', '24->22': '0.45200000', '25->1': '0.29700000', '25->4': '0.47300000', '25->5': '0.46500000', '25->9': '0.49500000', '25->16': '0.47000000', '25->20': '0.49000000', '25->21': '0.42100000', '25->22': '0.44900000', '26->1': '0.49900000', '26->4': '0.47900000', '26->5': '0.45900000', '26->9': '0.45500000', '26->16': '0.41800000', '26->20': '0.47400000', '26->21': '0.43700000', '26->22': '0.45500000', '27->1': '0.14400000', '27->4': '0.43600000', '27->5': '0.45200000', '27->9': '0.49800000', '27->16': '0.38900000', '27->20': '0.48700000', '27->21': '0.49000000', '27->22': '0.49600000', '28->1': '0.48700000', '28->4': '0.49700000', '28->5': '0.48300000', '28->9': '0.48900000', '28->16': '0.36000000', '28->20': '0.48000000', '28->21': '0.47700000', '28->22': '0.49100000'}"
"(1, 4, 5, 9, 16, 20, 21, 22)",4,61,repair,10,"[0.00000000, 0.00000000, 0.00000000, 0.00000000, 0.00000000, 0.00000000, 0.00000000, 0.00000000]",0.00000000,0.13800000,0.44610417,0.14800000,0.45330729,27->1,"{'2->1': '0.40300000', '2->4': '0.46900000', '2->5': '0.47900000', '2->9': '0.49500000', '2->16': '0.46000000', '2->20': '0.46000000', '2->21': '0.47900000', '2->22': '0.47100000', '6->1': '0.43900000', '6->4': '0.38500000', '6->5': '0.48500000', '6->9': '0.44700000', '6->16': '0.44200000', '6->20': '0.47000000', '6->21': '0.49100000', '6->22': '0.30900000', '7->1': '0.47400000', '7->4': '0.46200000', '7->5': '0.46800000', '7->9': '0.31800000', '7->16': '0.49900000', '7->20': '0.48100000', '7->21': '0.50000000', '7->22': '0.49000000', '11->1': '0.41300000', '11->4': '0.46100000', '11->5': '0.47900000', '11->9': '0.45500000', '11->16': '0.34800000', '11->20': '0.47200000', '11->21': '0.48100000', '11->22': '0.47700000', '15->1': '0.40200000', '15->4': '0.48000000', '15->5': '0.14600000', '15->9': '0.49800000', '15->16': '0.49100000', '15->20': '0.45700000', '15->21': '0.48000000', '15->22': '0.37000000', '17->1': '0.38400000', '17->4': '0.36600000', '17->5': '0.49600000', '17->9': '0.47200000', '17->16': '0.41100000', '17->20': '0.41700000', '17->21': '0.47400000', '17->22': '0.46000000', '18->1': '0.48500000', '18->4': '0.48700000', '18->5': '0.47300000', '18->9': '0.46700000', '18->16': '0.43400000', '18->20': '0.46600000', '18->21': '0.41700000', '18->22': '0.47100000', '24->1': '0.49200000', '24->4': '0.46200000', '24->5': '0.46400000', '24->9': '0.48800000', '24->16': '0.49300000', '24->20': '0.46900000', '24->21': '0.48600000', '24->22': '0.43600000', '25->1': '0.28400000', '25->4': '0.44000000', '25->5': '0.45800000', '25->9': '0.47200000', '25->16': '0.49100000', '25->20': '0.47300000', '25->21': '0.49000000', '25->22': '0.44800000', '26->1': '0.48900000', '26->4': '0.39900000', '26->5': '0.41500000', '26->9': '0.42500000', '26->16': '0.47800000', '26->20': '0.44800000', '26->21': '0.47500000', '26->22': '0.43300000', '27->1': '0.13800000', '27->4': '0.46000000', '27->5': '0.47000000', '27->9': '0.46200000', '27->16': '0.41900000', '27->20': '0.48100000', '27->21': '0.47800000', '27->22': '0.48400000', '28->1': '0.46600000', '28->4': '0.46600000', '28->5': '0.44200000', '28->9': '0.45800000', '28->16': '0.31700000', '28->20': '0.44900000', '28->21': '0.48000000', '28->22': '0.48200000'}"
"(1, 4, 5, 9, 16, 20, 21, 22)",5,130,repair,10,"[0.00000000, 0.00000000, 0.00000000, 0.00000000, 0.00000000, 0.00000000, 0.00000000, 0.00000000]",0.00000000,0.13700000,0.44816667,0.14580000,0.45333750,27->1,"{'2->1': '0.30300000', '2->4': '0.46300000', '2->5': '0.49900000', '2->9': '0.49300000', '2->16': '0.46200000', '2->20': '0.44000000', '2->21': '0.44500000', '2->22': '0.45900000', '6->1': '0.47900000', '6->4': '0.42300000', '6->5': '0.48300000', '6->9': '0.44700000', '6->16': '0.45200000', '6->20': '0.48800000', '6->21': '0.48100000', '6->22': '0.28500000', '7->1': '0.48800000', '7->4': '0.44000000', '7->5': '0.47000000', '7->9': '0.38600000', '7->16': '0.45100000', '7->20': '0.49100000', '7->21': '0.45800000', '7->22': '0.43800000', '11->1': '0.46600000', '11->4': '0.48200000', '11->5': '0.49600000', '11->9': '0.49000000', '11->16': '0.34700000', '11->20': '0.47300000', '11->21': '0.43800000', '11->22': '0.49400000', '15->1': '0.43400000', '15->4': '0.42600000', '15->5': '0.19000000', '15->9': '0.49800000', '15->16': '0.49500000', '15->20': '0.42900000', '15->21': '0.48600000', '15->22': '0.36800000', '17->1': '0.39300000', '17->4': '0.36700000', '17->5': '0.46700000', '17->9': '0.49300000', '17->16': '0.48800000', '17->20': '0.43200000', '17->21': '0.47300000', '17->22': '0.43700000', '18->1': '0.49700000', '18->4': '0.47500000', '18->5': '0.49500000', '18->9': '0.48100000', '18->16': '0.42800000', '18->20': '0.42800000', '18->21': '0.43100000', '18->22': '0.47900000', '24->1': '0.48800000', '24->4': '0.48000000', '24->5': '0.47800000', '24->9': '0.46000000', '24->16': '0.49300000', '24->20': '0.48300000', '24->21': '0.49200000', '24->22': '0.43000000', '25->1': '0.24200000', '25->4': '0.46200000', '25->5': '0.47000000', '25->9': '0.46600000', '25->16': '0.45700000', '25->20': '0.47300000', '25->21': '0.37000000', '25->22': '0.48600000', '26->1': '0.46900000', '26->4': '0.44900000', '26->5': '0.46900000', '26->9': '0.48900000', '26->16': '0.46800000', '26->20': '0.49400000', '26->21': '0.39500000', '26->22': '0.40500000', '27->1': '0.13700000', '27->4': '0.47700000', '27->5': '0.49500000', '27->9': '0.49700000', '27->16': '0.44200000', '27->20': '0.44400000', '27->21': '0.49700000', '27->22': '0.44300000', '28->1': '0.48100000', '28->4': '0.49500000', '28->5': '0.43300000', '28->9': '0.46700000', '28->16': '0.36600000', '28->20': '0.50000000', '28->21': '0.48500000', '28->22': '0.49700000'}"
"(1, 4, 5, 9, 16, 20, 21, 22)",6,97,repair,10,"[0.00000000, 0.00000000, 0.00000000, 0.00000000, 0.00000000, 0.00000000, 0.00000000, 0.00000000]",0.00000000,0.13600000,0.45058333,0.14416667,0.45400347,27->1,"{'2->1': '0.35200000', '2->4': '0.45800000', '2->5': '0.47600000', '2->9': '0.48800000', '2->16': '0.48300000', '2->20': '0.44900000', '2->21': '0.49600000', '2->22': '0.42000000', '6->1': '0.45800000', '6->4': '0.45000000', '6->5': '0.47200000', '6->9': '0.48800000', '6->16': '0.41500000', '6->20': '0.48900000', '6->21': '0.45200000', '6->22': '0.41000000', '7->1': '0.49100000', '7->4': '0.49700000', '7->5': '0.49100000', '7->9': '0.39900000', '7->16': '0.46200000', '7->20': '0.46400000', '7->21': '0.43500000', '7->22': '0.46100000', '11->1': '0.45900000', '11->4': '0.47500000', '11->5': '0.47900000', '11->9': '0.47100000', '11->16': '0.41400000', '11->20': '0.48200000', '11->21': '0.42100000', '11->22': '0.48300000', '15->1': '0.40200000', '15->4': '0.48400000', '15->5': '0.16000000', '15->9': '0.48000000', '15->16': '0.48500000', '15->20': '0.48300000', '15->21': '0.47600000', '15->22': '0.36600000', '17->1': '0.36300000', '17->4': '0.45500000', '17->5': '0.44500000', '17->9': '0.45900000', '17->16': '0.45600000', '17->20': '0.41000000', '17->21': '0.47100000', '17->22': '0.44300000', '18->1': '0.44200000', '18->4': '0.47200000', '18->5': '0.48200000', '18->9': '0.49200000', '18->16': '0.39700000', '18->20': '0.48500000', '18->21': '0.42400000', '18->22': '0.46600000', '24->1': '0.46900000', '24->4': '0.49300000', '24->5': '0.44500000', '24->9': '0.47300000', '24->16': '0.48800000', '24->20': '0.43400000', '24->21': '0.48700000', '24->22': '0.42900000', '25->1': '0.31400000', '25->4': '0.49000000', '25->5': '0.50000000', '25->9': '0.46800000', '25->16': '0.48900000', '25->20': '0.46700000', '25->21': '0.40000000', '25->22': '0.46200000', '26->1': '0.43700000', '26->4': '0.46100000', '26->5': '0.47100000', '26->9': '0.47700000', '26->16': '0.46800000', '26->20': '0.47200000', '26->21': '0.47300000', '26->22': '0.41900000', '27->1': '0.13600000', '27->4': '0.45600000', '27->5': '0.45400000', '27->9': '0.49200000', '27->16': '0.42100000', '27->20': '0.49300000', '27->21': '0.47600000', '27->22': '0.48400000', '28->1': '0.49900000', '28->4': '0.48700000', '28->5': '0.47500000', '28->9': '0.49700000', '28->16': '0.30000000', '28->20': '0.47200000', '28->21': '0.49700000', '28->22': '0.49300000'}"
"(1, 4, 5, 9, 16, 20, 21, 22)",7,70,repair,10,"[0.00000000, 0.00000000, 0.00000000, 0.00000000, 0.00000000, 0.00000000, 0.00000000, 0.00000000]",0.00000000,0.12900000,0.44964583,0.14200000,0.45470833,27->1,"{'2->1': '0.41800000', '2->4': '0.47800000', '2->5': '0.44000000', '2->9': '0.48400000', '2->16': '0.46700000', '2->20': '0.41300000', '2->21': '0.49600000', '2->22': '0.49200000', '6->1': '0.49800000', '6->4': '0.40000000', '6->5': '0.49600000', '6->9': '0.49000000', '6->16': '0.45500000', '6->20': '0.48100000', '6->21': '0.45400000', '6->22': '0.27600000', '7->1': '0.48100000', '7->4': '0.46100000', '7->5': '0.47700000', '7->9': '0.37900000', '7->16': '0.47000000', '7->20': '0.49000000', '7->21': '0.49700000', '7->22': '0.48700000', '11->1': '0.42600000', '11->4': '0.49600000', '11->5': '0.46600000', '11->9': '0.48600000', '11->16': '0.24500000', '11->20': '0.48300000', '11->21': '0.46200000', '11->22': '0.48800000', '15->1': '0.38500000', '15->4': '0.41700000', '15->5': '0.26300000', '15->9': '0.48300000', '15->16': '0.47600000', '15->20': '0.44600000', '15->21': '0.49700000', '15->22': '0.30900000', '17->1': '0.42600000', '17->4': '0.47800000', '17->5': '0.49800000', '17->9': '0.43600000', '17->16': '0.46900000', '17->20': '0.44500000', '17->21': '0.47600000', '17->22': '0.46600000', '18->1': '0.46700000', '18->4': '0.46900000', '18->5': '0.47100000', '18->9': '0.47300000', '18->16': '0.46000000', '18->20': '0.43400000', '18->21': '0.43700000', '18->22': '0.45500000', '24->1': '0.48400000', '24->4': '0.47200000', '24->5': '0.49200000', '24->9': '0.48000000', '24->16': '0.48500000', '24->20': '0.43500000', '24->21': '0.47800000', '24->22': '0.41400000', '25->1': '0.31400000', '25->4': '0.48800000', '25->5': '0.49000000', '25->9': '0.47600000', '25->16': '0.44700000', '25->20': '0.47500000', '25->21': '0.45600000', '25->22': '0.46000000', '26->1': '0.49200000', '26->4': '0.44200000', '26->5': '0.47200000', '26->9': '0.47000000', '26->16': '0.46300000', '26->20': '0.48100000', '26->21': '0.33200000', '26->22': '0.41600000', '27->1': '0.12900000', '27->4': '0.42300000', '27->5': '0.49500000', '27->9': '0.49100000', '27->16': '0.45600000', '27->20': '0.48400000', '27->21': '0.49300000', '27->22': '0.48900000', '28->1': '0.48500000', '28->4': '0.46500000', '28->5': '0.46300000', '28->9': '0.47700000', '28->16': '0.34600000', '28->20': '0.48000000', '28->21': '0.45900000', '28->22': '0.44900000'}"
"(1, 4, 5, 9, 16, 20, 21, 22)",8,28,base,10,"[0.00000000, 0.00000000, 0.00000000, 0.00000000, 0.00000000, 0.00000000, 0.00000000, 0.00000000]",0.00000000,0.12900000,0.44945833,0.14037500,0.45500000,27->1,"{'2->1': '0.34700000', '2->4': '0.47100000', '2->5': '0.46500000', '2->9': '0.48900000', '2->16': '0.43800000', '2->20': '0.48000000', '2->21': '0.49700000', '2->22': '0.49700000', '6->1': '0.45800000', '6->4': '0.39000000', '6->5': '0.45600000', '6->9': '0.47000000', '6->16': '0.46300000', '6->20': '0.49300000', '6->21': '0.47600000', '6->22': '0.35600000', '7->1': '0.41400000', '7->4': '0.47400000', '7->5': '0.47800000', '7->9': '0.40600000', '7->16': '0.49300000', '7->20': '0.47900000', '7->21': '0.48000000', '7->22': '0.44600000', '11->1': '0.46400000', '11->4': '0.41800000', '11->5': '0.49200000', '11->9': '0.42200000', '11->16': '0.34900000', '11->20': '0.47100000', '11->21': '0.42800000', '11->22': '0.47800000', '15->1': '0.37300000', '15->4': '0.47100000', '15->5': '0.17300000', '15->9': '0.46900000', '15->16': '0.48400000', '15->20': '0.46600000', '15->21': '0.49900000', '15->22': '0.41100000', '17->1': '0.39200000', '17->4': '0.39000000', '17->5': '0.48400000', '17->9': '0.47600000', '17->16': '0.48100000', '17->20': '0.46900000', '17->21': '0.48000000', '17->22': '0.42400000', '18->1': '0.47600000', '18->4': '0.46000000', '18->5': '0.49200000', '18->9': '0.44200000', '18->16': '0.46900000', '18->20': '0.46100000', '18->21': '0.45000000', '18->22': '0.49000000', '24->1': '0.49400000', '24->4': '0.48200000', '24->5': '0.46600000', '24->9': '0.42400000', '24->16': '0.49300000', '24->20': '0.47700000', '24->21': '0.49000000', '24->22': '0.44000000', '25->1': '0.23300000', '25->4': '0.43300000', '25->5': '0.47300000', '25->9': '0.47900000', '25->16': '0.48200000', '25->20': '0.49000000', '25->21': '0.45300000', '25->22': '0.47900000', '26->1': '0.43900000', '26->4': '0.46700000', '26->5': '0.40300000', '26->9': '0.44900000', '26->16': '0.49400000', '26->20': '0.48600000', '26->21': '0.49900000', '26->22': '0.44700000', '27->1': '0.12900000', '27->4': '0.46300000', '27->5': '0.48300000', '27->9': '0.47900000', '27->16': '0.41000000', '27->20': '0.49800000', '27->21': '0.49500000', '27->22': '0.48300000', '28->1': '0.46900000', '28->4': '0.48500000', '28->5': '0.47300000', '28->9': '0.47100000', '28->16': '0.26400000', '28->20': '0.47000000', '28->21': '0.49100000', '28->22': '0.49300000'}"
"(1, 4, 5, 9, 16, 20, 21, 22)",9,121,repair,10,"[0.00000000, 0.00000000, 0.00000000, 0.00000000, 0.00000000, 0.00000000, 0.00000000, 0.00000000]",0.00000000,0.12800000,0.45075000,0.13900000,0.45533565,27->1,"{'2->1': '0.35200000', '2->4': '0.48000000', '2->5': '0.49600000', '2->9': '0.47800000', '2->16': '0.47700000', '2->20': '0.45500000', '2->21': '0.47600000', '2->22': '0.43600000', '6->1': '0.45300000', '6->4': '0.39300000', '6->5': '0.47700000', '6->9': '0.47300000', '6->16': '0.44400000', '6->20': '0.48000000', '6->21': '0.45700000', '6->22': '0.35100000', '7->1': '0.47700000', '7->4': '0.48500000', '7->5': '0.48700000', '7->9': '0.33100000', '7->16': '0.49200000', '7->20': '0.45600000', '7->21': '0.49500000', '7->22': '0.43900000', '11->1': '0.44900000', '11->4': '0.45100000', '11->5': '0.49100000', '11->9': '0.43700000', '11->16': '0.28800000', '11->20': '0.48000000', '11->21': '0.46500000', '11->22': '0.46900000', '15->1': '0.42700000', '15->4': '0.47900000', '15->5': '0.21300000', '15->9': '0.43100000', '15->16': '0.48200000', '15->20': '0.49200000', '15->21': '0.48100000', '15->22': '0.31500000', '17->1': '0.40000000', '17->4': '0.39600000', '17->5': '0.47400000', '17->9': '0.48000000', '17->16': '0.47900000', '17->20': '0.43900000', '17->21': '0.48400000', '17->22': '0.42600000', '18->1': '0.47600000', '18->4': '0.46200000', '18->5': '0.49000000', '18->9': '0.48000000', '18->16': '0.49700000', '18->20': '0.42700000', '18->21': '0.42400000', '18->22': '0.48200000', '24->1': '0.47500000', '24->4': '0.49700000', '24->5': '0.46100000', '24->9': '0.48900000', '24->16': '0.49600000', '24->20': '0.47800000', '24->21': '0.48100000', '24->22': '0.46500000', '25->1': '0.31200000', '25->4': '0.49800000', '25->5': '0.42800000', '25->9': '0.46800000', '25->16': '0.49300000', '25->20': '0.49300000', '25->21': '0.44400000', '25->22': '0.42800000', '26->1': '0.48600000', '26->4': '0.42800000', '26->5': '0.49400000', '26->9': '0.45800000', '26->16': '0.47100000', '26->20': '0.47500000', '26->21': '0.46800000', '26->22': '0.45200000', '27->1': '0.12800000', '27->4': '0.49000000', '27->5': '0.48800000', '27->9': '0.49000000', '27->16': '0.42700000', '27->20': '0.48300000', '27->21': '0.49400000', '27->22': '0.47000000', '28->1': '0.49500000', '28->4': '0.46700000', '28->5': '0.48100000', '28->9': '0.49900000', '28->16': '0.34200000', '28->20': '0.46000000', '28->21': '0.43300000', '28->22': '0.48100000'}"
"(1, 4, 5, 9, 16, 20, 21, 22)",10,49,repair,10,"[0.00000000, 0.00000000, 0.00000000, 0.00000000, 0.00000000, 0.00000000, 0.00000000, 0.00000000]",0.00000000,0.12800000,0.44608333,0.13790000,0.45560208,27->1,"{'2->1': '0.32200000', '2->4': '0.41800000', '2->5': '0.46600000', '2->9': '0.48200000', '2->16': '0.48100000', '2->20': '0.46300000', '2->21': '0.46000000', '2->22': '0.43200000', '6->1': '0.45700000', '6->4': '0.33700000', '6->5': '0.49900000', '6->9': '0.49100000', '6->16': '0.45800000', '6->20': '0.49200000', '6->21': '0.46700000', '6->22': '0.25300000', '7->1': '0.49700000', '7->4': '0.49900000', '7->5': '0.47100000', '7->9': '0.30100000', '7->16': '0.44000000', '7->20': '0.48600000', '7->21': '0.48700000', '7->22': '0.49500000', '11->1': '0.49700000', '11->4': '0.44900000', '11->5': '0.44700000', '11->9': '0.43100000', '11->16': '0.33400000', '11->20': '0.48800000', '11->21': '0.47700000', '11->22': '0.47500000', '15->1': '0.40700000', '15->4': '0.49300000', '15->5': '0.18300000', '15->9': '0.48900000', '15->16': '0.48800000', '15->20': '0.44200000', '15->21': '0.49500000', '15->22': '0.33500000', '17->1': '0.37600000', '17->4': '0.43800000', '17->5': '0.48600000', '17->9': '0.49600000', '17->16': '0.33100000', '17->20': '0.42100000', '17->21': '0.46400000', '17->22': '0.44600000', '18->1': '0.49300000', '18->4': '0.47300000', '18->5': '0.45500000', '18->9': '0.49300000', '18->16': '0.45600000', '18->20': '0.45200000', '18->21': '0.43300000', '18->22': '0.48300000', '24->1': '0.49700000', '24->4': '0.48900000', '24->5': '0.45900000', '24->9': '0.48500000', '24->16': '0.48000000', '24->20': '0.48400000', '24->21': '0.46300000', '24->22': '0.42500000', '25->1': '0.24200000', '25->4': '0.49400000', '25->5': '0.46400000', '25->9': '0.47400000', '25->16': '0.47500000', '25->20': '0.49300000', '25->21': '0.43400000', '25->22': '0.47400000', '26->1': '0.49700000', '26->4': '0.47900000', '26->5': '0.45900000', '26->9': '0.44700000', '26->16': '0.39000000', '26->20': '0.49400000', '26->21': '0.44100000', '26->22': '0.42900000', '27->1': '0.12800000', '27->4': '0.48200000', '27->5': '0.47400000', '27->9': '0.47000000', '27->16': '0.36300000', '27->20': '0.47700000', '27->21': '0.48400000', '27->22': '0.48800000', '28->1': '0.49200000', '28->4': '0.45600000', '28->5': '0.49200000', '28->9': '0.50000000', '28->16': '0.38500000', '28->20': '0.48900000', '28->21': '0.45600000', '28->22': '0.44000000'}"
"(1, 6, 11, 15, 21, 24, 27, 28)",1,37,repair,10,"[0.00000000, 0.00000000, 0.00000000, 0.00000000, 0.00000000, 0.00000000, 0.00000000, 0.00000000]",0.00000000,0.23600000,0.44864583,0.23600000,0.44864583,5->15,"{'2->1': '0.45100000', '2->6': '0.44400000', '2->11': '0.48800000', '2->15': '0.47300000', '2->21': '0.48000000', '2->24': '0.24200000', '2->27': '0.36100000', '2->28': '0.46400000', '4->1': '0.49400000', '4->6': '0.40300000', '4->11': '0.43900000', '4->15': '0.43200000', '4->21': '0.45500000', '4->24': '0.47900000', '4->27': '0.38600000', '4->28': '0.47300000', '5->1': '0.45200000', '5->6': '0.46500000', '5->11': '0.48500000', '5->15': '0.23600000', '5->21': '0.42500000', '5->24': '0.49300000', '5->27': '0.48400000', '5->28': '0.49100000', '7->1': '0.49900000', '7->6': '0.39000000', '7->11': '0.48400000', '7->15': '0.43100000', '7->21': '0.44200000', '7->24': '0.38200000', '7->27': '0.48700000', '7->28': '0.48200000', '9->1': '0.49800000', '9->6': '0.44500000', '9->11': '0.40900000', '9->15': '0.47400000', '9->21': '0.32300000', '9->24': '0.49500000', '9->27': '0.47800000', '9->28': '0.46300000', '16->1': '0.49300000', '16->6': '0.50000000', '16->11': '0.33800000', '16->15': '0.47500000', '16->21': '0.40800000', '16->24': '0.43000000', '16->27': '0.48100000', '16->28': '0.45400000', '17->1': '0.41300000', '17->6': '0.48400000', '17->11': '0.48200000', '17->15': '0.44900000', '17->21': '0.49800000', '17->24': '0.30600000', '17->27': '0.43900000', '17->28': '0.49000000', '18->1': '0.49700000', '18->6': '0.46600000', '18->11': '0.45800000', '18->15': '0.44300000', '18->21': '0.42800000', '18->24': '0.44600000', '18->27': '0.47100000', '18->28': '0.48600000', '20->1': '0.49400000', '20->6': '0.48900000', '20->11': '0.48500000', '20->15': '0.47000000', '20->21': '0.45300000', '20->24': '0.44300000', '20->27': '0.46800000', '20->28': '0.46700000', '22->1': '0.43400000', '22->6': '0.40700000', '22->11': '0.45700000', '22->15': '0.32000000', '22->21': '0.45700000', '22->24': '0.45700000', '22->27': '0.49200000', '22->28': '0.47300000', '25->1': '0.42200000', '25->6': '0.44500000', '25->11': '0.48100000', '25->15': '0.44400000', '25->21': '0.47300000', '25->24': '0.40700000', '25->27': '0.49400000', '25->28': '0.46900000', '26->1': '0.48400000', '26->6': '0.47700000', '26->11': '0.49500000', '26->15': '0.47600000', '26->21': '0.43700000', '26->24': '0.32900000', '26->27': '0.47600000', '26->28': '0.48300000'}"
"(1, 6, 11, 15, 21, 24, 27, 28)",2,72,repair,10,"[0.00000000, 0.00000000, 0.00000000, 0.00000000, 0.00000000, 0.00000000, 0.00000000, 0.00000000]",0.00000000,0.19600000,0.44729167,0.21600000,0.45186458,5->15,"{'2->1': '0.41000000', '2->6': '0.48900000', '2->11': '0.49500000', '2->15': '0.49800000', '2->21': '0.44500000', '2->24': '0.23100000', '2->27': '0.48600000', '2->28': '0.45500000', '4->1': '0.46900000', '4->6': '0.31600000', '4->11': '0.47800000', '4->15': '0.43900000', '4->21': '0.44400000', '4->24': '0.47600000', '4->27': '0.47300000', '4->28': '0.47400000', '5->1': '0.46200000', '5->6': '0.48500000', '5->11': '0.49900000', '5->15': '0.19600000', '5->21': '0.40100000', '5->24': '0.48100000', '5->27': '0.49000000', '5->28': '0.49300000', '7->1': '0.45100000', '7->6': '0.46000000', '7->11': '0.49800000', '7->15': '0.41100000', '7->21': '0.45600000', '7->24': '0.35200000', '7->27': '0.47900000', '7->28': '0.49400000', '9->1': '0.49100000', '9->6': '0.44200000', '9->11': '0.42000000', '9->15': '0.46500000', '9->21': '0.42800000', '9->24': '0.45000000', '9->27': '0.44900000', '9->28': '0.49800000', '16->1': '0.48500000', '16->6': '0.40400000', '16->11': '0.36800000', '16->15': '0.48300000', '16->21': '0.48800000', '16->24': '0.49600000', '16->27': '0.31700000', '16->28': '0.39400000', '17->1': '0.42500000', '17->6': '0.49800000', '17->11': '0.49000000', '17->15': '0.34500000', '17->21': '0.46800000', '17->24': '0.26400000', '17->27': '0.48500000', '17->28': '0.47400000', '18->1': '0.46900000', '18->6': '0.49600000', '18->11': '0.47600000', '18->15': '0.48900000', '18->21': '0.47400000', '18->24': '0.49400000', '18->27': '0.45500000', '18->28': '0.45400000', '20->1': '0.45400000', '20->6': '0.46700000', '20->11': '0.41700000', '20->15': '0.43600000', '20->21': '0.42500000', '20->24': '0.45900000', '20->27': '0.49400000', '20->28': '0.48900000', '22->1': '0.49500000', '22->6': '0.42400000', '22->11': '0.45600000', '22->15': '0.38700000', '22->21': '0.47800000', '22->24': '0.42000000', '22->27': '0.45900000', '22->28': '0.47600000', '25->1': '0.42000000', '25->6': '0.48900000', '25->11': '0.49500000', '25->15': '0.47000000', '25->21': '0.41100000', '25->24': '0.38700000', '25->27': '0.36600000', '25->28': '0.48900000', '26->1': '0.47200000', '26->6': '0.49900000', '26->11': '0.42300000', '26->15': '0.47800000', '26->21': '0.49100000', '26->24': '0.34900000', '26->27': '0.46400000', '26->28': '0.48100000'}"
"(1, 6, 11, 15, 21, 24, 27, 28)",3,122,repair,10,"[0.00000000, 0.00000000, 0.00000000, 0.00000000, 0.00000000, 0.00000000, 0.00000000, 0.00000000]",0.00000000,0.15100000,0.45337500,0.19433333,0.45628472,5->15,"{'2->1': '0.45300000', '2->6': '0.49200000', '2->11': '0.45800000', '2->15': '0.47500000', '2->21': '0.49800000', '2->24': '0.34000000', '2->27': '0.37100000', '2->28': '0.46400000', '4->1': '0.49600000', '4->6': '0.45100000', '4->11': '0.49500000', '4->15': '0.40400000', '4->21': '0.39500000', '4->24': '0.45900000', '4->27': '0.49800000', '4->28': '0.48500000', '5->1': '0.45900000', '5->6': '0.49400000', '5->11': '0.49200000', '5->15': '0.15100000', '5->21': '0.44200000', '5->24': '0.49600000', '5->27': '0.49900000', '5->28': '0.47400000', '7->1': '0.49700000', '7->6': '0.48200000', '7->11': '0.47800000', '7->15': '0.37500000', '7->21': '0.43800000', '7->24': '0.40600000', '7->27': '0.49900000', '7->28': '0.46800000', '9->1': '0.48600000', '9->6': '0.46500000', '9->11': '0.44700000', '9->15': '0.47800000', '9->21': '0.48500000', '9->24': '0.48900000', '9->27': '0.47600000', '9->28': '0.49900000', '16->1': '0.45300000', '16->6': '0.45400000', '16->11': '0.35400000', '16->15': '0.49700000', '16->21': '0.49800000', '16->24': '0.49600000', '16->27': '0.37500000', '16->28': '0.41800000', '17->1': '0.43800000', '17->6': '0.45500000', '17->11': '0.47500000', '17->15': '0.31200000', '17->21': '0.47500000', '17->24': '0.27500000', '17->27': '0.49200000', '17->28': '0.43900000', '18->1': '0.48200000', '18->6': '0.43900000', '18->11': '0.49300000', '18->15': '0.44200000', '18->21': '0.49500000', '18->24': '0.48100000', '18->27': '0.46400000', '18->28': '0.49700000', '20->1': '0.49800000', '20->6': '0.46900000', '20->11': '0.48100000', '20->15': '0.50000000', '20->21': '0.48100000', '20->24': '0.47300000', '20->27': '0.50000000', '20->28': '0.45900000', '22->1': '0.44500000', '22->6': '0.41600000', '22->11': '0.48000000', '22->15': '0.30700000', '22->21': '0.50000000', '22->24': '0.44600000', '22->27': '0.48100000', '22->28': '0.45600000', '25->1': '0.38600000', '25->6': '0.46500000', '25->11': '0.48900000', '25->15': '0.47400000', '25->21': '0.49700000', '25->24': '0.41100000', '25->27': '0.42600000', '25->28': '0.42100000', '26->1': '0.49700000', '26->6': '0.46200000', '26->11': '0.44600000', '26->15': '0.44300000', '26->21': '0.42800000', '26->24': '0.45000000', '26->27': '0.46300000', '26->28': '0.46600000'}"
"(1, 6, 11, 15, 21, 24, 27, 28)",4,107,repair,10,"[0.00000000, 0.00000000, 0.00000000, 0.00000000, 0.00000000, 0.00000000, 0.00000000, 0.00000000]",0.00000000,0.15100000,0.44914583,0.18350000,0.45651042,5->15,"{'2->1': '0.39300000', '2->6': '0.44200000', '2->11': '0.48400000', '2->15': '0.49900000', '2->21': '0.45800000', '2->24': '0.22200000', '2->27': '0.39700000', '2->28': '0.47000000', '4->1': '0.48600000', '4->6': '0.46900000', '4->11': '0.47100000', '4->15': '0.41000000', '4->21': '0.43900000', '4->24': '0.49700000', '4->27': '0.50000000', '4->28': '0.49700000', '5->1': '0.47100000', '5->6': '0.50000000', '5->11': '0.48600000', '5->15': '0.15100000', '5->21': '0.44600000', '5->24': '0.49600000', '5->27': '0.47900000', '5->28': '0.45800000', '7->1': '0.48800000', '7->6': '0.47100000', '7->11': '0.48500000', '7->15': '0.38600000', '7->21': '0.48100000', '7->24': '0.40500000', '7->27': '0.44200000', '7->28': '0.46300000', '9->1': '0.46900000', '9->6': '0.46000000', '9->11': '0.45600000', '9->15': '0.47100000', '9->21': '0.36400000', '9->24': '0.47600000', '9->27': '0.49700000', '9->28': '0.46200000', '16->1': '0.49600000', '16->6': '0.43300000', '16->11': '0.32900000', '16->15': '0.48800000', '16->21': '0.47700000', '16->24': '0.47500000', '16->27': '0.37000000', '16->28': '0.41700000', '17->1': '0.45200000', '17->6': '0.45900000', '17->11': '0.44300000', '17->15': '0.36000000', '17->21': '0.49300000', '17->24': '0.28100000', '17->27': '0.44600000', '17->28': '0.44300000', '18->1': '0.49100000', '18->6': '0.47800000', '18->11': '0.47800000', '18->15': '0.48300000', '18->21': '0.43600000', '18->24': '0.49600000', '18->27': '0.46500000', '18->28': '0.48600000', '20->1': '0.49300000', '20->6': '0.49400000', '20->11': '0.48200000', '20->15': '0.48500000', '20->21': '0.49800000', '20->24': '0.45200000', '20->27': '0.46900000', '20->28': '0.47200000', '22->1': '0.45600000', '22->6': '0.37100000', '22->11': '0.49300000', '22->15': '0.36600000', '22->21': '0.47900000', '22->24': '0.45500000', '22->27': '0.44000000', '22->28': '0.44100000', '25->1': '0.41100000', '25->6': '0.47400000', '25->11': '0.49200000', '25->15': '0.47300000', '25->21': '0.46400000', '25->24': '0.42200000', '25->27': '0.39700000', '25->28': '0.48000000', '26->1': '0.47500000', '26->6': '0.48200000', '26->11': '0.47800000', '26->15': '0.44100000', '26->21': '0.38000000', '26->24': '0.34800000', '26->27': '0.49100000', '26->28': '0.49200000'}"
"(1, 6, 11, 15, 21, 24, 27, 28)",5,66,repair,10,"[0.00000000, 0.00000000, 0.00000000, 0.00000000, 0.00000000, 0.00000000, 0.00000000, 0.00000000]",0.00000000,0.14500000,0.45629167,0.17580000,0.45742083,5->15,"{'2->1': '0.38800000', '2->6': '0.46700000', '2->11': '0.48900000', '2->15': '0.45400000', '2->21': '0.46700000', '2->24': '0.30700000', '2->27': '0.42000000', '2->28': '0.46700000', '4->1': '0.48800000', '4->6': '0.42300000', '4->11': '0.48100000', '4->15': '0.43000000', '4->21': '0.44700000', '4->24': '0.48700000', '4->27': '0.42200000', '4->28': '0.47900000', '5->1': '0.48900000', '5->6': '0.49800000', '5->11': '0.48800000', '5->15': '0.14500000', '5->21': '0.45000000', '5->24': '0.48000000', '5->27': '0.48300000', '5->28': '0.47800000', '7->1': '0.47300000', '7->6': '0.48400000', '7->11': '0.47800000', '7->15': '0.37500000', '7->21': '0.48400000', '7->24': '0.43000000', '7->27': '0.49900000', '7->28': '0.47800000', '9->1': '0.49200000', '9->6': '0.46700000', '9->11': '0.49100000', '9->15': '0.48800000', '9->21': '0.43300000', '9->24': '0.43300000', '9->27': '0.48800000', '9->28': '0.49900000', '16->1': '0.49300000', '16->6': '0.47200000', '16->11': '0.24200000', '16->15': '0.49500000', '16->21': '0.46800000', '16->24': '0.49600000', '16->27': '0.43300000', '16->28': '0.39600000', '17->1': '0.43000000', '17->6': '0.48500000', '17->11': '0.47500000', '17->15': '0.47000000', '17->21': '0.46100000', '17->24': '0.30100000', '17->27': '0.44000000', '17->28': '0.46900000', '18->1': '0.49500000', '18->6': '0.46600000', '18->11': '0.49800000', '18->15': '0.49900000', '18->21': '0.47200000', '18->24': '0.48200000', '18->27': '0.47900000', '18->28': '0.49600000', '20->1': '0.49100000', '20->6': '0.48200000', '20->11': '0.49200000', '20->15': '0.45500000', '20->21': '0.49400000', '20->24': '0.46800000', '20->27': '0.48500000', '20->28': '0.50000000', '22->1': '0.46600000', '22->6': '0.44700000', '22->11': '0.48700000', '22->15': '0.38600000', '22->21': '0.49900000', '22->24': '0.40100000', '22->27': '0.44600000', '22->28': '0.47700000', '25->1': '0.40600000', '25->6': '0.44500000', '25->11': '0.49300000', '25->15': '0.49600000', '25->21': '0.46700000', '25->24': '0.40700000', '25->27': '0.42600000', '25->28': '0.48500000', '26->1': '0.48200000', '26->6': '0.48300000', '26->11': '0.49700000', '26->15': '0.42200000', '26->21': '0.39900000', '26->24': '0.41900000', '26->27': '0.49200000', '26->28': '0.47700000'}"
"(1, 6, 11, 15, 21, 24, 27, 28)",6,36,repair,10,"[0.00000000, 0.00000000, 0.00000000, 0.00000000, 0.00000000, 0.00000000, 0.00000000, 0.00000000]",0.00000000,0.13100000,0.45354167,0.16833333,0.45777431,5->15,"{'2->1': '0.38000000', '2->6': '0.48500000', '2->11': '0.48300000', '2->15': '0.49800000', '2->21': '0.49500000', '2->24': '0.20500000', '2->27': '0.40600000', '2->28': '0.46700000', '4->1': '0.49300000', '4->6': '0.39800000', '4->11': '0.50000000', '4->15': '0.44500000', '4->21': '0.47200000', '4->24': '0.49200000', '4->27': '0.48700000', '4->28': '0.46200000', '5->1': '0.46900000', '5->6': '0.48000000', '5->11': '0.47600000', '5->15': '0.13100000', '5->21': '0.44600000', '5->24': '0.47000000', '5->27': '0.49700000', '5->28': '0.49200000', '7->1': '0.50000000', '7->6': '0.47900000', '7->11': '0.45300000', '7->15': '0.42400000', '7->21': '0.48700000', '7->24': '0.36300000', '7->27': '0.49000000', '7->28': '0.45900000', '9->1': '0.49700000', '9->6': '0.48200000', '9->11': '0.38800000', '9->15': '0.43700000', '9->21': '0.45600000', '9->24': '0.43400000', '9->27': '0.44500000', '9->28': '0.49800000', '16->1': '0.49900000', '16->6': '0.48000000', '16->11': '0.46400000', '16->15': '0.47500000', '16->21': '0.44600000', '16->24': '0.47000000', '16->27': '0.38500000', '16->28': '0.43600000', '17->1': '0.43900000', '17->6': '0.47000000', '17->11': '0.46200000', '17->15': '0.39700000', '17->21': '0.46200000', '17->24': '0.40200000', '17->27': '0.46100000', '17->28': '0.42600000', '18->1': '0.48000000', '18->6': '0.43900000', '18->11': '0.49300000', '18->15': '0.48000000', '18->21': '0.44500000', '18->24': '0.47100000', '18->27': '0.48400000', '18->28': '0.49300000', '20->1': '0.48100000', '20->6': '0.48800000', '20->11': '0.46000000', '20->15': '0.45900000', '20->21': '0.41600000', '20->24': '0.45400000', '20->27': '0.48100000', '20->28': '0.46000000', '22->1': '0.49800000', '22->6': '0.34700000', '22->11': '0.49500000', '22->15': '0.43800000', '22->21': '0.49700000', '22->24': '0.41500000', '22->27': '0.45200000', '22->28': '0.49100000', '25->1': '0.38100000', '25->6': '0.44600000', '25->11': '0.49200000', '25->15': '0.47700000', '25->21': '0.48600000', '25->24': '0.43800000', '25->27': '0.43100000', '25->28': '0.48200000', '26->1': '0.45100000', '26->6': '0.46600000', '26->11': '0.46000000', '26->15': '0.46700000', '26->21': '0.49000000', '26->24': '0.37400000', '26->27': '0.49300000', '26->28': '0.49400000'}"
"(1, 6, 11, 15, 21, 24, 27, 28)",7,119,repair,10,"[0.00000000, 0.00000000, 0.00000000, 0.00000000, 0.00000000, 0.00000000, 0.00000000, 0.00000000]",0.00000000,0.13100000,0.44997917,0.16300000,0.45798214,5->15,"{'2->1': '0.42800000', '2->6': '0.47100000', '2->11': '0.48500000', '2->15': '0.49200000', '2->21': '0.45500000', '2->24': '0.28500000', '2->27': '0.37600000', '2->28': '0.49700000', '4->1': '0.46100000', '4->6': '0.36800000', '4->11': '0.47400000', '4->15': '0.42100000', '4->21': '0.46400000', '4->24': '0.49200000', '4->27': '0.43100000', '4->28': '0.49400000', '5->1': '0.48100000', '5->6': '0.49000000', '5->11': '0.49600000', '5->15': '0.13100000', '5->21': '0.44600000', '5->24': '0.47000000', '5->27': '0.47700000', '5->28': '0.49000000', '7->1': '0.49900000', '7->6': '0.44600000', '7->11': '0.48800000', '7->15': '0.36300000', '7->21': '0.48000000', '7->24': '0.36000000', '7->27': '0.47700000', '7->28': '0.42800000', '9->1': '0.47300000', '9->6': '0.48000000', '9->11': '0.38400000', '9->15': '0.45700000', '9->21': '0.45600000', '9->24': '0.47400000', '9->27': '0.46700000', '9->28': '0.48800000', '16->1': '0.49000000', '16->6': '0.48900000', '16->11': '0.36100000', '16->15': '0.47400000', '16->21': '0.42700000', '16->24': '0.48900000', '16->27': '0.40200000', '16->28': '0.40700000', '17->1': '0.48100000', '17->6': '0.49000000', '17->11': '0.45200000', '17->15': '0.45100000', '17->21': '0.46600000', '17->24': '0.27600000', '17->27': '0.49500000', '17->28': '0.47600000', '18->1': '0.47100000', '18->6': '0.48000000', '18->11': '0.47600000', '18->15': '0.48500000', '18->21': '0.46200000', '18->24': '0.46600000', '18->27': '0.48700000', '18->28': '0.49200000', '20->1': '0.48500000', '20->6': '0.47400000', '20->11': '0.47600000', '20->15': '0.49500000', '20->21': '0.46000000', '20->24': '0.46400000', '20->27': '0.49100000', '20->28': '0.48200000', '22->1': '0.44500000', '22->6': '0.33400000', '22->11': '0.46200000', '22->15': '0.32100000', '22->21': '0.49800000', '22->24': '0.45800000', '22->27': '0.43300000', '22->28': '0.49600000', '25->1': '0.39100000', '25->6': '0.48800000', '25->11': '0.48800000', '25->15': '0.49700000', '25->21': '0.49600000', '25->24': '0.42800000', '25->27': '0.36100000', '25->28': '0.45800000', '26->1': '0.48500000', '26->6': '0.46600000', '26->11': '0.49600000', '26->15': '0.40700000', '26->21': '0.42000000', '26->24': '0.37000000', '26->27': '0.47500000', '26->28': '0.45800000'}"
"(1, 6, 11, 15, 21, 24, 27, 28)",8,67,repair,10,"[0.00000000, 0.00000000, 0.00000000, 0.00000000, 0.00000000, 0.00000000, 0.00000000, 0.00000000]",0.00000000,0.12800000,0.43997917,0.15862500,0.45697917,5->15,"{'2->1': '0.33700000', '2->6': '0.48600000', '2->11': '0.46600000', '2->15': '0.46900000', '2->21': '0.49000000', '2->24': '0.26800000', '2->27': '0.37300000', '2->28': '0.47400000', '4->1': '0.49600000', '4->6': '0.31900000', '4->11': '0.47500000', '4->15': '0.41600000', '4->21': '0.49100000', '4->24': '0.47300000', '4->27': '0.44800000', '4->28': '0.49100000', '5->1': '0.48400000', '5->6': '0.47900000', '5->11': '0.47900000', '5->15': '0.12800000', '5->21': '0.43700000', '5->24': '0.45900000', '5->27': '0.48200000', '5->28': '0.46300000', '7->1': '0.46300000', '7->6': '0.44800000', '7->11': '0.45000000', '7->15': '0.39300000', '7->21': '0.46000000', '7->24': '0.33200000', '7->27': '0.48500000', '7->28': '0.42400000', '9->1': '0.48600000', '9->6': '0.46100000', '9->11': '0.35500000', '9->15': '0.49200000', '9->21': '0.41100000', '9->24': '0.45100000', '9->27': '0.47600000', '9->28': '0.49700000', '16->1': '0.47200000', '16->6': '0.45700000', '16->11': '0.30300000', '16->15': '0.49400000', '16->21': '0.44500000', '16->24': '0.48500000', '16->27': '0.34000000', '16->28': '0.35100000', '17->1': '0.40900000', '17->6': '0.49000000', '17->11': '0.44000000', '17->15': '0.37700000', '17->21': '0.49800000', '17->24': '0.32000000', '17->27': '0.46900000', '17->28': '0.48000000', '18->1': '0.47700000', '18->6': '0.44800000', '18->11': '0.49400000', '18->15': '0.45700000', '18->21': '0.42600000', '18->24': '0.48000000', '18->27': '0.49700000', '18->28': '0.49000000', '20->1': '0.46300000', '20->6': '0.49600000', '20->11': '0.45400000', '20->15': '0.42500000', '20->21': '0.44600000', '20->24': '0.48200000', '20->27': '0.46900000', '20->28': '0.47400000', '22->1': '0.47300000', '22->6': '0.35200000', '22->11': '0.45200000', '22->15': '0.26700000', '22->21': '0.45000000', '22->24': '0.38800000', '22->27': '0.49500000', '22->28': '0.44800000', '25->1': '0.32100000', '25->6': '0.49800000', '25->11': '0.45200000', '25->15': '0.47100000', '25->21': '0.47800000', '25->24': '0.38800000', '25->27': '0.46500000', '25->28': '0.45000000', '26->1': '0.49100000', '26->6': '0.47800000', '26->11': '0.48400000', '26->15': '0.36900000', '26->21': '0.38600000', '26->24': '0.43800000', '26->27': '0.47900000', '26->28': '0.49000000'}"
"(1, 6, 11, 15, 21, 24, 27, 28)",9,23,base,10,"[0.00000000, 0.00000000, 0.00000000, 0.00000000, 0.00000000, 0.00000000, 0.00000000, 0.00000000]",0.00000000,0.12300000,0.44508333,0.15466667,0.45644907,5->15,"{'2->1': '0.42900000', '2->6': '0.50000000', '2->11': '0.47200000', '2->15': '0.48700000', '2->21': '0.48400000', '2->24': '0.25600000', '2->27': '0.45900000', '2->28': '0.43200000', '4->1': '0.49300000', '4->6': '0.37400000', '4->11': '0.45400000', '4->15': '0.38500000', '4->21': '0.45400000', '4->24': '0.47200000', '4->27': '0.45300000', '4->28': '0.49800000', '5->1': '0.48700000', '5->6': '0.46600000', '5->11': '0.48400000', '5->15': '0.12300000', '5->21': '0.45600000', '5->24': '0.50000000', '5->27': '0.49500000', '5->28': '0.49000000', '7->1': '0.49500000', '7->6': '0.48000000', '7->11': '0.49200000', '7->15': '0.40700000', '7->21': '0.48200000', '7->24': '0.39400000', '7->27': '0.45300000', '7->28': '0.45200000', '9->1': '0.47200000', '9->6': '0.44900000', '9->11': '0.45100000', '9->15': '0.47400000', '9->21': '0.34100000', '9->24': '0.44100000', '9->27': '0.41600000', '9->28': '0.49300000', '16->1': '0.47300000', '16->6': '0.46800000', '16->11': '0.29400000', '16->15': '0.49700000', '16->21': '0.49000000', '16->24': '0.47200000', '16->27': '0.38700000', '16->28': '0.40600000', '17->1': '0.45100000', '17->6': '0.46600000', '17->11': '0.45600000', '17->15': '0.30300000', '17->21': '0.49800000', '17->24': '0.31800000', '17->27': '0.46300000', '17->28': '0.47000000', '18->1': '0.48600000', '18->6': '0.44100000', '18->11': '0.49700000', '18->15': '0.47000000', '18->21': '0.44700000', '18->24': '0.47100000', '18->27': '0.45800000', '18->28': '0.49100000', '20->1': '0.47500000', '20->6': '0.49600000', '20->11': '0.47600000', '20->15': '0.44100000', '20->21': '0.48600000', '20->24': '0.45400000', '20->27': '0.48900000', '20->28': '0.46200000', '22->1': '0.43300000', '22->6': '0.29400000', '22->11': '0.45000000', '22->15': '0.32100000', '22->21': '0.44200000', '22->24': '0.44400000', '22->27': '0.47300000', '22->28': '0.48200000', '25->1': '0.46700000', '25->6': '0.46200000', '25->11': '0.45800000', '25->15': '0.49300000', '25->21': '0.48400000', '25->24': '0.38800000', '25->27': '0.37500000', '25->28': '0.39000000', '26->1': '0.49200000', '26->6': '0.48500000', '26->11': '0.49700000', '26->15': '0.44600000', '26->21': '0.37900000', '26->24': '0.39100000', '26->27': '0.46800000', '26->28': '0.46700000'}"
"(1, 6, 11, 15, 21, 24, 27, 28)",10,51,repair,10,"[0.00000000, 0.00000000, 0.00000000, 0.00000000, 0.00000000, 0.00000000, 0.00000000, 0.00000000]",0.00000000,0.11900000,0.45135417,0.15110000,0.45685417,5->15,"{'2->1': '0.43500000', '2->6': '0.48600000', '2->11': '0.44000000', '2->15': '0.48300000', '2->21': '0.47400000', '2->24': '0.23200000', '2->27': '0.40900000', '2->28': '0.46600000', '4->1': '0.49400000', '4->6': '0.31500000', '4->11': '0.49500000', '4->15': '0.44400000', '4->21': '0.46900000', '4->24': '0.47900000', '4->27': '0.48400000', '4->28': '0.46500000', '5->1': '0.45100000', '5->6': '0.46600000', '5->11': '0.49800000', '5->15': '0.11900000', '5->21': '0.48600000', '5->24': '0.46800000', '5->27': '0.48900000', '5->28': '0.48400000', '7->1': '0.48300000', '7->6': '0.49000000', '7->11': '0.48400000', '7->15': '0.37700000', '7->21': '0.47800000', '7->24': '0.39600000', '7->27': '0.47100000', '7->28': '0.42600000', '9->1': '0.45500000', '9->6': '0.49200000', '9->11': '0.46800000', '9->15': '0.46300000', '9->21': '0.48200000', '9->24': '0.47000000', '9->27': '0.48700000', '9->28': '0.45200000', '16->1': '0.46800000', '16->6': '0.43500000', '16->11': '0.33700000', '16->15': '0.46800000', '16->21': '0.42700000', '16->24': '0.47300000', '16->27': '0.48200000', '16->28': '0.42300000', '17->1': '0.41900000', '17->6': '0.48600000', '17->11': '0.49400000', '17->15': '0.36500000', '17->21': '0.48600000', '17->24': '0.35200000', '17->27': '0.49700000', '17->28': '0.47200000', '18->1': '0.48000000', '18->6': '0.46500000', '18->11': '0.43300000', '18->15': '0.49400000', '18->21': '0.43100000', '18->24': '0.48100000', '18->27': '0.49400000', '18->28': '0.49500000', '20->1': '0.49000000', '20->6': '0.48500000', '20->11': '0.48100000', '20->15': '0.46400000', '20->21': '0.39700000', '20->24': '0.48500000', '20->27': '0.47200000', '20->28': '0.47500000', '22->1': '0.47900000', '22->6': '0.41400000', '22->11': '0.46000000', '22->15': '0.35100000', '22->21': '0.47400000', '22->24': '0.47200000', '22->27': '0.43300000', '22->28': '0.46800000', '25->1': '0.42200000', '25->6': '0.45100000', '25->11': '0.49900000', '25->15': '0.46800000', '25->21': '0.47700000', '25->24': '0.38500000', '25->27': '0.40800000', '25->28': '0.49100000', '26->1': '0.48800000', '26->6': '0.48700000', '26->11': '0.47900000', '26->15': '0.42200000', '26->21': '0.43100000', '26->24': '0.38700000', '26->27': '0.48200000', '26->28': '0.49100000'}"
