k,real_k,effective_k,virtual_stream_count,target_effective_k,sample_index,position_combination,selected_candidate_count,common_route_count,excluded_illegal_positions,authorized_max_ber,authorized_position_bers,security_min_route_min_ber,security_avg_route_min_ber,worst_route,optimizer,usage_ratio,usage_counts,selected_candidate_ids,selected_probe_sets,anchor_candidate_id,anchor_source,anchor_min_route_min_ber,anchor_worst_route,security_gain_over_anchor,floor_applied,optimizer_diagnostic,weak_routes
6,6,8,2,8,1,"(1, 16, 17, 20, 22, 24)",20,78,[5],0.00000000,"[0.00000000, 0.00000000, 0.00000000, 0.00000000, 0.00000000, 0.00000000]",0.45484721,0.47589996,28->1,linprog,"[0.17155274, 0.00000000, 0.14234756, 0.00000000, 0.00000000, 0.00000000, 0.07238270, 0.05588235, 0.08286117, 0.06967488, 0.00000000, 0.01529192, 0.03760395, 0.05932588, 0.09043163, 0.00000000, 0.02467917, 0.01535745, 0.15301630, 0.00959230]","[172, 0, 142, 0, 0, 0, 72, 56, 83, 70, 0, 15, 38, 59, 90, 0, 25, 15, 153, 10]","[375, 324, 320, 325, 328, 322, 154, 319, 193, 382, 167, 321, 316, 346, 412, 89, 418, 411, 374, 246]","[15, 30, 40, 45, 65, 70, 100, 110, 155, 175, 220, 230, 345, 350, 355] | [10, 30, 40, 55, 90, 115, 130, 140, 160, 200, 235, 240, 265, 300, 330] | [10, 30, 40, 55, 90, 115, 130, 140, 160, 200, 235, 240, 265, 300, 330] | [10, 30, 40, 55, 90, 115, 130, 140, 160, 200, 235, 240, 265, 300, 330] | [10, 30, 40, 55, 90, 115, 130, 140, 160, 200, 235, 240, 265, 300, 330] | [10, 30, 40, 55, 90, 115, 130, 140, 160, 200, 235, 240, 265, 300, 330] | [10, 15, 185, 190, 200, 210, 235, 240, 250, 255, 285, 295, 300, 335, 340] | [10, 30, 40, 55, 90, 115, 130, 140, 160, 200, 235, 240, 265, 300, 330] | [30, 50, 105, 145, 175, 180, 210, 225, 255, 260, 280, 310, 320, 335, 355] | [30, 45, 50, 65, 80, 90, 150, 155, 165, 260, 280, 285, 305, 320, 350] | [10, 15, 185, 190, 200, 210, 235, 240, 250, 255, 285, 295, 300, 335, 340] | [10, 30, 40, 55, 90, 115, 130, 140, 160, 200, 235, 240, 265, 300, 330] | [10, 30, 40, 55, 90, 115, 130, 140, 160, 200, 235, 240, 265, 300, 330] | [55, 60, 65, 95, 105, 120, 165, 170, 185, 200, 225, 250, 290, 325, 330] | [25, 45, 65, 110, 145, 150, 210, 275, 285, 290, 310, 320, 340, 345, 355] | [5, 30, 55, 80, 105, 130, 155, 180, 205, 230, 255, 280, 305, 330, 355] | [25, 45, 65, 110, 145, 150, 210, 275, 285, 290, 310, 320, 340, 345, 355] | [25, 45, 65, 110, 145, 150, 210, 275, 285, 290, 310, 320, 340, 345, 355] | [15, 30, 40, 45, 65, 70, 100, 110, 155, 175, 220, 230, 345, 350, 355] | [10, 70, 85, 105, 110, 115, 125, 155, 185, 190, 230, 255, 330, 350, 360]",375,anchor_worst_targeted,0.36300000,27->16,0.09184721,False,ok,"[27->16, 15->17, 6->16, 18->1, 18->20, 21->22, 11->1, 25->17, 4->24, 6->22, 27->1, 7->1]"
6,6,8,2,8,2,"(4, 7, 11, 20, 21, 28)",20,72,"[1, 5]",0.00000000,"[0.00000000, 0.00000000, 0.00000000, 0.00000000, 0.00000000, 0.00000000]",0.45858782,0.47674796,9->20,linprog,"[0.00000000, 0.00000000, 0.00000000, 0.00674376, 0.00000000, 0.16042249, 0.09494172, 0.14104543, 0.10852710, 0.00000000, 0.08345022, 0.06793862, 0.00000000, 0.07847483, 0.03583079, 0.07383710, 0.09392653, 0.04564077, 0.00922064, 0.00000000]","[0, 0, 0, 7, 0, 160, 95, 141, 109, 0, 83, 68, 0, 78, 36, 74, 94, 46, 9, 0]","[632, 718, 716, 709, 717, 637, 263, 694, 894, 442, 490, 227, 231, 948, 48, 204, 293, 720, 230, 233]","[20, 55, 85, 110, 170, 190, 240, 260, 265, 270, 280, 330, 340, 350, 365] | [50, 55, 110, 115, 135, 140, 175, 200, 260, 290, 305, 315, 335, 340, 360] | [50, 55, 110, 115, 135, 140, 175, 200, 260, 290, 305, 315, 335, 340, 360] | [50, 55, 110, 115, 135, 140, 175, 200, 260, 290, 305, 315, 335, 340, 360] | [50, 55, 110, 115, 135, 140, 175, 200, 260, 290, 305, 315, 335, 340, 360] | [20, 55, 85, 110, 170, 190, 240, 260, 265, 270, 280, 330, 340, 350, 365] | [15, 40, 55, 135, 160, 165, 170, 230, 235, 275, 280, 305, 315, 345, 350] | [10, 55, 60, 75, 85, 95, 125, 185, 205, 210, 230, 235, 275, 280, 360] | [15, 25, 40, 70, 90, 140, 175, 190, 200, 230, 245, 260, 310, 320, 350] | [5, 15, 40, 70, 75, 140, 165, 175, 185, 235, 265, 270, 285, 340, 360] | [10, 15, 20, 40, 45, 50, 70, 85, 90, 95, 100, 150, 170, 325, 335] | [15, 30, 45, 70, 120, 150, 155, 190, 220, 245, 250, 280, 315, 330, 350] | [15, 30, 45, 70, 120, 150, 155, 190, 220, 245, 250, 280, 315, 330, 350] | [35, 55, 60, 80, 90, 110, 115, 120, 130, 210, 235, 245, 290, 340, 350] | [10, 35, 70, 95, 165, 195, 200, 210, 220, 225, 245, 260, 265, 330, 365] | [90, 110, 115, 125, 145, 175, 195, 210, 215, 245, 255, 305, 320, 335, 345] | [30, 45, 55, 95, 140, 150, 170, 190, 215, 225, 240, 265, 275, 330, 355] | [50, 55, 110, 115, 135, 140, 175, 200, 260, 290, 305, 315, 335, 340, 360] | [15, 30, 45, 70, 120, 150, 155, 190, 220, 245, 250, 280, 315, 330, 350] | [15, 30, 45, 70, 120, 150, 155, 190, 220, 245, 250, 280, 315, 330, 350]",632,anchor_worst_targeted,0.36000000,17->20,0.09858782,False,ok,"[17->20, 22->21, 6->28, 18->20, 15->11, 2->11, 25->7, 16->7, 27->28, 24->21, 9->28]"
6,6,8,2,8,3,"(5, 15, 18, 20, 21, 26)",20,78,[1],0.00000000,"[0.00000000, 0.00000000, 0.00000000, 0.00000000, 0.00000000, 0.00000000]",0.45688543,0.47698032,16->18,linprog,"[0.13565026, 0.12935392, 0.07435245, 0.02360005, 0.00671415, 0.00000000, 0.00000000, 0.11012443, 0.08382320, 0.01597549, 0.08472039, 0.03488049, 0.00000000, 0.00000000, 0.05427871, 0.00000000, 0.03697247, 0.00000000, 0.06148950, 0.14806446]","[136, 129, 74, 24, 7, 0, 0, 110, 84, 16, 85, 35, 0, 0, 54, 0, 37, 0, 61, 148]","[42, 44, 39, 43, 40, 41, 297, 300, 23, 24, 13, 181, 271, 152, 245, 281, 260, 259, 71, 270]","[20, 30, 45, 75, 140, 180, 190, 200, 205, 230, 295, 305, 330, 340, 365] | [20, 30, 45, 75, 140, 180, 190, 200, 205, 230, 295, 305, 330, 340, 365] | [20, 30, 45, 75, 140, 180, 190, 200, 205, 230, 295, 305, 330, 340, 365] | [20, 30, 45, 75, 140, 180, 190, 200, 205, 230, 295, 305, 330, 340, 365] | [20, 30, 45, 75, 140, 180, 190, 200, 205, 230, 295, 305, 330, 340, 365] | [20, 30, 45, 75, 140, 180, 190, 200, 205, 230, 295, 305, 330, 340, 365] | [30, 45, 95, 105, 165, 175, 185, 190, 200, 205, 230, 260, 310, 335, 355] | [30, 45, 95, 105, 165, 175, 185, 190, 200, 205, 230, 260, 310, 335, 355] | [45, 85, 105, 115, 125, 150, 165, 170, 250, 255, 270, 280, 290, 315, 340] | [45, 85, 105, 115, 125, 150, 165, 170, 250, 255, 270, 280, 290, 315, 340] | [5, 30, 55, 80, 105, 130, 155, 180, 205, 230, 255, 280, 305, 330, 355] | [25, 35, 50, 55, 135, 155, 235, 245, 270, 280, 285, 295, 310, 315, 335] | [5, 20, 55, 65, 120, 145, 170, 175, 210, 215, 245, 265, 270, 275, 285] | [5, 10, 15, 45, 115, 130, 175, 180, 245, 260, 275, 295, 310, 340, 360] | [65, 90, 100, 115, 130, 145, 205, 230, 255, 265, 270, 295, 310, 330, 355] | [10, 25, 35, 45, 110, 155, 160, 205, 230, 240, 275, 300, 315, 360, 365] | [5, 20, 55, 65, 120, 145, 170, 175, 210, 215, 245, 265, 270, 275, 285] | [5, 20, 55, 65, 120, 145, 170, 175, 210, 215, 245, 265, 270, 275, 285] | [5, 30, 55, 80, 105, 130, 155, 180, 205, 230, 255, 280, 305, 330, 355] | [5, 20, 55, 65, 120, 145, 170, 175, 210, 215, 245, 265, 270, 275, 285]",42,baseline_global_guarded,0.38100000,27->18,0.07588543,False,ok,"[27->18, 6->21, 16->18, 7->20, 28->18, 7->5, 7->18, 11->20, 28->5, 22->5, 16->20, 22->26]"
6,6,8,2,8,4,"(1, 2, 5, 6, 18, 26)",20,84,[],0.00000000,"[0.00000000, 0.00000000, 0.00000000, 0.00000000, 0.00000000, 0.00000000]",0.44203293,0.47389180,4->18,linprog,"[0.06294954, 0.00000000, 0.17835377, 0.09499797, 0.00000000, 0.14556628, 0.00000000, 0.02738175, 0.00000000, 0.00000000, 0.15409928, 0.00000000, 0.10416696, 0.04271085, 0.01820174, 0.00000000, 0.04854991, 0.12188945, 0.00113251, 0.00000000]","[63, 0, 178, 95, 0, 146, 0, 27, 0, 0, 154, 0, 104, 43, 18, 0, 49, 122, 1, 0]","[72, 147, 138, 24, 64, 65, 123, 126, 134, 162, 133, 110, 119, 166, 87, 124, 156, 144, 60, 67]","[5, 10, 15, 25, 35, 45, 55, 80, 110, 130, 205, 250, 355, 360, 365] | [60, 105, 175, 190, 200, 210, 235, 240, 275, 280, 290, 325, 330, 340, 360] | [60, 105, 175, 190, 200, 210, 235, 240, 275, 280, 290, 325, 330, 340, 360] | [5, 15, 35, 55, 85, 115, 120, 175, 190, 225, 245, 280, 290, 330, 355] | [5, 10, 15, 25, 35, 45, 55, 80, 110, 130, 205, 250, 355, 360, 365] | [5, 10, 15, 25, 35, 45, 55, 80, 110, 130, 205, 250, 355, 360, 365] | [15, 60, 95, 105, 120, 210, 225, 230, 240, 255, 265, 290, 305, 335, 345] | [15, 60, 95, 105, 120, 210, 225, 230, 240, 255, 265, 290, 305, 335, 345] | [15, 60, 95, 105, 120, 210, 225, 230, 240, 255, 265, 290, 305, 335, 345] | [5, 10, 25, 35, 50, 60, 95, 125, 155, 160, 200, 250, 265, 310, 345] | [15, 60, 95, 105, 120, 210, 225, 230, 240, 255, 265, 290, 305, 335, 345] | [5, 10, 30, 35, 85, 90, 105, 140, 185, 255, 265, 300, 330, 345, 360] | [5, 10, 30, 35, 85, 90, 105, 140, 185, 255, 265, 300, 330, 345, 360] | [5, 10, 25, 35, 50, 60, 95, 125, 155, 160, 200, 250, 265, 310, 345] | [5, 55, 60, 80, 115, 130, 140, 160, 170, 180, 185, 190, 230, 260, 305] | [15, 60, 95, 105, 120, 210, 225, 230, 240, 255, 265, 290, 305, 335, 345] | [5, 10, 25, 35, 50, 60, 95, 125, 155, 160, 200, 250, 265, 310, 345] | [60, 105, 175, 190, 200, 210, 235, 240, 275, 280, 290, 325, 330, 340, 360] | [5, 10, 15, 25, 35, 45, 55, 80, 110, 130, 205, 250, 355, 360, 365] | [5, 10, 15, 25, 35, 45, 55, 80, 110, 130, 205, 250, 355, 360, 365]",72,anchor_worst_targeted,0.30300000,27->26,0.13903293,False,ok,"[27->26, 11->26, 16->2, 24->5, 28->2, 7->1, 4->5, 9->6, 24->2, 15->26, 21->5, 9->1, 11->2]"
6,6,8,2,8,5,"(2, 4, 7, 11, 16, 17)",20,72,"[1, 5]",0.00000000,"[0.00000000, 0.00000000, 0.00000000, 0.00000000, 0.00000000, 0.00000000]",0.45959474,0.47805802,26->4,linprog,"[0.08301742, 0.14474520, 0.09222073, 0.10595165, 0.00000000, 0.06456211, 0.00000000, 0.07780867, 0.00000000, 0.05677600, 0.00000000, 0.00000000, 0.00000000, 0.05300691, 0.00000000, 0.06844932, 0.02510147, 0.03447150, 0.19388901, 0.00000000]","[83, 145, 92, 106, 0, 65, 0, 78, 0, 57, 0, 0, 0, 53, 0, 68, 25, 34, 194, 0]","[380, 51, 377, 384, 863, 652, 766, 727, 889, 758, 308, 188, 183, 860, 856, 307, 519, 522, 81, 218]","[25, 30, 70, 100, 105, 190, 210, 250, 275, 290, 295, 305, 340, 355, 360] | [15, 35, 40, 45, 50, 125, 130, 150, 170, 175, 185, 235, 340, 350, 355] | [25, 30, 70, 100, 105, 190, 210, 250, 275, 290, 295, 305, 340, 355, 360] | [25, 30, 70, 100, 105, 190, 210, 250, 275, 290, 295, 305, 340, 355, 360] | [40, 55, 60, 75, 85, 170, 175, 180, 190, 200, 255, 260, 265, 335, 340] | [50, 85, 135, 140, 145, 175, 200, 220, 225, 240, 270, 275, 305, 335, 340] | [5, 15, 40, 85, 100, 165, 170, 175, 235, 250, 275, 305, 310, 320, 360] | [30, 50, 85, 90, 95, 105, 110, 120, 165, 205, 220, 225, 250, 280, 310] | [10, 35, 60, 95, 145, 185, 190, 200, 240, 275, 285, 300, 310, 360, 365] | [5, 15, 40, 85, 100, 165, 170, 175, 235, 250, 275, 305, 310, 320, 360] | [5, 75, 105, 110, 120, 125, 190, 195, 235, 270, 305, 310, 340, 345, 360] | [5, 30, 55, 80, 105, 130, 155, 180, 205, 230, 255, 280, 305, 330, 355] | [5, 30, 55, 80, 105, 130, 155, 180, 205, 230, 255, 280, 305, 330, 355] | [40, 55, 60, 75, 85, 170, 175, 180, 190, 200, 255, 260, 265, 335, 340] | [40, 55, 60, 75, 85, 170, 175, 180, 190, 200, 255, 260, 265, 335, 340] | [5, 75, 105, 110, 120, 125, 190, 195, 235, 270, 305, 310, 340, 345, 360] | [15, 20, 70, 100, 125, 170, 195, 205, 210, 240, 270, 300, 305, 340, 345] | [15, 20, 70, 100, 125, 170, 195, 205, 210, 240, 270, 300, 305, 340, 345] | [50, 65, 75, 105, 135, 140, 210, 225, 235, 240, 255, 260, 275, 280, 335] | [30, 35, 50, 60, 100, 110, 120, 160, 190, 195, 205, 220, 240, 275, 285]",380,anchor_worst_targeted,0.36900000,6->11,0.09059474,False,ok,"[6->11, 25->16, 27->17, 20->2, 24->16, 15->4, 9->11, 24->4, 20->4, 15->2, 9->16]"
6,6,8,2,8,6,"(1, 7, 15, 16, 17, 18)",20,78,[5],0.00000000,"[0.00000000, 0.00000000, 0.00000000, 0.00000000, 0.00000000, 0.00000000]",0.44902199,0.47389576,20->17,linprog,"[0.01866439, 0.07789321, 0.05430009, 0.00000000, 0.02247296, 0.00000000, 0.10953485, 0.10580174, 0.12478452, 0.06235336, 0.01477030, 0.00000000, 0.09759105, 0.10297311, 0.00000000, 0.06840756, 0.00000000, 0.09699150, 0.00000000, 0.04346137]","[19, 78, 54, 0, 22, 0, 110, 106, 125, 62, 15, 0, 98, 103, 0, 68, 0, 97, 0, 43]","[325, 324, 350, 317, 312, 351, 41, 102, 264, 271, 106, 98, 341, 118, 43, 139, 291, 292, 310, 42]","[45, 55, 80, 105, 130, 145, 160, 180, 190, 205, 240, 305, 310, 330, 345] | [45, 55, 80, 105, 130, 145, 160, 180, 190, 205, 240, 305, 310, 330, 345] | [10, 75, 80, 105, 120, 140, 150, 160, 175, 200, 240, 290, 330, 335, 360] | [30, 35, 80, 95, 110, 120, 125, 140, 145, 245, 300, 310, 320, 335, 360] | [30, 35, 80, 95, 110, 120, 125, 140, 145, 245, 300, 310, 320, 335, 360] | [10, 75, 80, 105, 120, 140, 150, 160, 175, 200, 240, 290, 330, 335, 360] | [40, 55, 80, 90, 95, 130, 160, 170, 185, 230, 260, 265, 275, 325, 330] | [30, 35, 40, 55, 75, 115, 125, 205, 255, 300, 305, 320, 340, 345, 365] | [30, 50, 70, 95, 100, 140, 170, 260, 275, 310, 320, 330, 335, 340, 355] | [30, 50, 70, 95, 100, 140, 170, 260, 275, 310, 320, 330, 335, 340, 355] | [30, 35, 40, 55, 75, 115, 125, 205, 255, 300, 305, 320, 340, 345, 365] | [30, 35, 40, 55, 75, 115, 125, 205, 255, 300, 305, 320, 340, 345, 365] | [10, 75, 80, 105, 120, 140, 150, 160, 175, 200, 240, 290, 330, 335, 360] | [5, 15, 30, 60, 75, 80, 90, 200, 205, 240, 255, 265, 280, 305, 340] | [40, 55, 80, 90, 95, 130, 160, 170, 185, 230, 260, 265, 275, 325, 330] | [30, 35, 65, 70, 90, 95, 165, 175, 225, 250, 265, 280, 330, 350, 360] | [5, 80, 105, 140, 170, 175, 185, 235, 255, 285, 290, 310, 330, 340, 345] | [5, 80, 105, 140, 170, 175, 185, 235, 255, 285, 290, 310, 330, 340, 345] | [30, 35, 80, 95, 110, 120, 125, 140, 145, 245, 300, 310, 320, 335, 360] | [40, 55, 80, 90, 95, 130, 160, 170, 185, 230, 260, 265, 275, 325, 330]",325,anchor_worst_targeted,0.33300000,11->1,0.11602199,False,ok,"[11->1, 20->17, 2->17, 27->15, 24->16, 6->1, 6->16, 26->17, 2->7, 21->7, 4->15, 27->16]"
6,6,8,2,8,7,"(2, 6, 7, 15, 17, 21)",20,72,"[1, 5]",0.00000000,"[0.00000000, 0.00000000, 0.00000000, 0.00000000, 0.00000000, 0.00000000]",0.45952219,0.47889829,25->7,linprog,"[0.03133034, 0.00000000, 0.03487757, 0.00000000, 0.00000000, 0.03276888, 0.02786252, 0.06315887, 0.06498599, 0.00000000, 0.01436938, 0.04881734, 0.07954081, 0.07119749, 0.13195164, 0.00000000, 0.22963120, 0.06577418, 0.00000000, 0.10373379]","[31, 0, 35, 0, 0, 33, 28, 63, 65, 0, 14, 49, 79, 71, 132, 0, 230, 66, 0, 104]","[201, 306, 734, 202, 311, 316, 850, 725, 421, 856, 852, 135, 506, 342, 478, 504, 199, 315, 724, 560]","[15, 20, 25, 40, 70, 85, 160, 175, 215, 235, 250, 260, 280, 295, 360] | [25, 40, 75, 85, 95, 145, 170, 175, 180, 225, 235, 315, 320, 335, 355] | [10, 15, 100, 115, 160, 175, 200, 205, 215, 240, 265, 285, 295, 325, 355] | [15, 20, 25, 40, 70, 85, 160, 175, 215, 235, 250, 260, 280, 295, 360] | [25, 40, 75, 85, 95, 145, 170, 175, 180, 225, 235, 315, 320, 335, 355] | [25, 40, 75, 85, 95, 145, 170, 175, 180, 225, 235, 315, 320, 335, 355] | [10, 60, 65, 75, 105, 115, 175, 205, 250, 260, 275, 305, 315, 330, 335] | [10, 15, 100, 115, 160, 175, 200, 205, 215, 240, 265, 285, 295, 325, 355] | [25, 40, 65, 75, 85, 90, 140, 185, 225, 230, 235, 240, 290, 295, 340] | [10, 60, 65, 75, 105, 115, 175, 205, 250, 260, 275, 305, 315, 330, 335] | [10, 60, 65, 75, 105, 115, 175, 205, 250, 260, 275, 305, 315, 330, 335] | [15, 30, 45, 50, 60, 65, 90, 95, 125, 185, 200, 220, 250, 265, 345] | [10, 40, 115, 130, 135, 145, 150, 175, 185, 210, 215, 240, 250, 330, 360] | [25, 70, 75, 150, 175, 215, 250, 280, 285, 295, 310, 315, 325, 335, 350] | [25, 50, 65, 85, 160, 165, 180, 190, 230, 235, 285, 305, 310, 315, 325] | [10, 40, 115, 130, 135, 145, 150, 175, 185, 210, 215, 240, 250, 330, 360] | [15, 20, 25, 40, 70, 85, 160, 175, 215, 235, 250, 260, 280, 295, 360] | [25, 40, 75, 85, 95, 145, 170, 175, 180, 225, 235, 315, 320, 335, 355] | [10, 15, 100, 115, 160, 175, 200, 205, 215, 240, 265, 285, 295, 325, 355] | [15, 30, 70, 95, 120, 155, 190, 195, 205, 240, 245, 275, 305, 315, 340]",201,anchor_worst_targeted,0.37200000,24->15,0.08752219,False,ok,"[24->15, 9->2, 9->15, 18->2, 20->17, 4->15, 25->21, 26->2, 16->2, 16->6, 9->17]"
6,6,8,2,8,8,"(7, 15, 16, 17, 22, 27)",20,72,"[1, 5]",0.00000000,"[0.00000000, 0.00000000, 0.00000000, 0.00000000, 0.00000000, 0.00000000]",0.45493726,0.47210849,9->16,linprog,"[0.00776448, 0.07684689, 0.06388491, 0.01380578, 0.08288974, 0.12067283, 0.04482086, 0.05792994, 0.11058051, 0.00000000, 0.00000000, 0.12542638, 0.07130957, 0.02009904, 0.07213437, 0.01354908, 0.11828560, 0.00000000, 0.00000000, 0.00000000]","[8, 77, 64, 14, 83, 121, 45, 58, 111, 0, 0, 125, 71, 20, 72, 13, 118, 0, 0, 0]","[749, 97, 765, 395, 759, 170, 26, 873, 48, 183, 208, 86, 552, 220, 818, 907, 741, 748, 739, 742]","[5, 55, 100, 140, 155, 170, 180, 200, 225, 255, 260, 270, 340, 345, 350] | [10, 35, 90, 95, 100, 125, 135, 145, 170, 175, 225, 265, 275, 280, 295] | [35, 40, 45, 50, 60, 65, 120, 175, 195, 205, 260, 265, 300, 335, 360] | [15, 45, 50, 65, 85, 130, 145, 180, 215, 260, 275, 280, 320, 325, 365] | [35, 40, 45, 50, 60, 65, 120, 175, 195, 205, 260, 265, 300, 335, 360] | [10, 15, 35, 45, 75, 85, 100, 110, 115, 145, 170, 185, 350, 360, 365] | [10, 15, 25, 65, 75, 90, 100, 105, 175, 190, 250, 265, 320, 335, 355] | [20, 35, 55, 95, 105, 110, 140, 155, 160, 195, 205, 215, 255, 260, 280] | [5, 25, 50, 70, 90, 160, 165, 225, 260, 265, 285, 305, 320, 325, 340] | [5, 30, 55, 80, 105, 130, 155, 180, 205, 230, 255, 280, 305, 330, 355] | [5, 45, 50, 65, 85, 135, 165, 180, 220, 225, 255, 260, 320, 360, 365] | [25, 45, 65, 75, 115, 145, 150, 180, 240, 245, 260, 275, 290, 330, 345] | [55, 85, 95, 110, 115, 215, 220, 245, 255, 295, 300, 315, 320, 325, 360] | [25, 75, 95, 120, 160, 165, 175, 205, 215, 225, 255, 275, 285, 295, 365] | [50, 55, 75, 105, 115, 130, 140, 200, 245, 260, 270, 290, 295, 330, 345] | [15, 70, 95, 110, 130, 190, 195, 225, 230, 235, 265, 290, 305, 310, 345] | [5, 55, 100, 140, 155, 170, 180, 200, 225, 255, 260, 270, 340, 345, 350] | [5, 55, 100, 140, 155, 170, 180, 200, 225, 255, 260, 270, 340, 345, 350] | [5, 55, 100, 140, 155, 170, 180, 200, 225, 255, 260, 270, 340, 345, 350] | [5, 55, 100, 140, 155, 170, 180, 200, 225, 255, 260, 270, 340, 345, 350]",749,anchor_worst_targeted,0.33900000,18->15,0.11593726,False,ok,"[18->15, 26->15, 20->15, 9->22, 28->15, 28->27, 6->22, 11->17, 24->15, 11->22, 11->15]"
6,6,8,2,8,9,"(7, 16, 20, 21, 24, 27)",20,72,"[1, 5]",0.00000000,"[0.00000000, 0.00000000, 0.00000000, 0.00000000, 0.00000000, 0.00000000]",0.45269350,0.47462306,18->24,linprog,"[0.00669545, 0.00000000, 0.00000000, 0.08423031, 0.00000000, 0.00000000, 0.16725568, 0.00000000, 0.00000000, 0.00000000, 0.02229180, 0.08632043, 0.00000000, 0.13064946, 0.06449043, 0.14723261, 0.00000000, 0.00000000, 0.08591085, 0.20492299]","[7, 0, 0, 84, 0, 0, 167, 0, 0, 0, 22, 86, 0, 131, 65, 147, 0, 0, 86, 205]","[667, 672, 623, 622, 633, 615, 820, 617, 589, 585, 381, 711, 624, 187, 540, 629, 665, 658, 976, 171]","[15, 30, 35, 40, 85, 125, 185, 190, 220, 235, 270, 275, 320, 325, 335] | [15, 30, 35, 40, 85, 125, 185, 190, 220, 235, 270, 275, 320, 325, 335] | [10, 45, 75, 105, 120, 200, 260, 275, 320, 325, 335, 340, 345, 355, 360] | [10, 45, 75, 105, 120, 200, 260, 275, 320, 325, 335, 340, 345, 355, 360] | [40, 65, 70, 135, 165, 190, 210, 215, 220, 275, 285, 310, 335, 340, 360] | [10, 45, 75, 105, 120, 200, 260, 275, 320, 325, 335, 340, 345, 355, 360] | [20, 40, 45, 70, 90, 120, 170, 175, 190, 200, 265, 275, 330, 355, 360] | [10, 45, 75, 105, 120, 200, 260, 275, 320, 325, 335, 340, 345, 355, 360] | [55, 115, 120, 145, 190, 220, 225, 270, 295, 300, 305, 325, 335, 355, 365] | [55, 115, 120, 145, 190, 220, 225, 270, 295, 300, 305, 325, 335, 355, 365] | [20, 35, 45, 50, 55, 90, 130, 200, 215, 250, 260, 270, 330, 340, 355] | [35, 70, 75, 105, 115, 120, 145, 155, 160, 170, 175, 220, 260, 270, 320] | [10, 45, 75, 105, 120, 200, 260, 275, 320, 325, 335, 340, 345, 355, 360] | [5, 30, 55, 80, 105, 130, 155, 180, 205, 230, 255, 280, 305, 330, 355] | [65, 75, 90, 95, 120, 125, 145, 150, 160, 175, 210, 235, 295, 305, 345] | [40, 65, 70, 135, 165, 190, 210, 215, 220, 275, 285, 310, 335, 340, 360] | [15, 30, 35, 40, 85, 125, 185, 190, 220, 235, 270, 275, 320, 325, 335] | [15, 30, 35, 40, 85, 125, 185, 190, 220, 235, 270, 275, 320, 325, 335] | [20, 60, 65, 95, 110, 155, 160, 195, 210, 225, 235, 285, 290, 325, 360] | [5, 10, 40, 70, 75, 100, 170, 185, 190, 225, 245, 265, 300, 325, 355]",667,anchor_worst_targeted,0.37000000,6->20,0.08269350,False,ok,"[6->20, 28->27, 22->20, 25->21, 4->20, 17->24, 26->24, 6->16, 26->20, 4->16, 25->16]"
6,6,8,2,8,10,"(1, 5, 6, 15, 16, 18)",20,84,[],0.00000000,"[0.00000000, 0.00000000, 0.00000000, 0.00000000, 0.00000000, 0.00000000]",0.44000355,0.47279018,27->1,linprog,"[0.13040556, 0.00000000, 0.21768798, 0.00000000, 0.00000000, 0.00000000, 0.08100842, 0.00000000, 0.12833320, 0.00000000, 0.15729153, 0.00000000, 0.00000000, 0.00000000, 0.04322941, 0.00637778, 0.06099680, 0.00000000, 0.17016262, 0.00450670]","[131, 0, 218, 0, 0, 0, 81, 0, 128, 0, 157, 0, 0, 0, 43, 6, 61, 0, 170, 5]","[105, 42, 38, 104, 18, 61, 122, 3, 35, 5, 20, 76, 79, 70, 206, 40, 68, 67, 156, 92]","[25, 30, 80, 85, 100, 120, 140, 150, 165, 190, 250, 300, 330, 335, 345] | [10, 25, 60, 75, 110, 135, 140, 145, 205, 210, 225, 265, 305, 355, 360] | [10, 25, 60, 75, 110, 135, 140, 145, 205, 210, 225, 265, 305, 355, 360] | [25, 30, 80, 85, 100, 120, 140, 150, 165, 190, 250, 300, 330, 335, 345] | [5, 30, 55, 80, 105, 130, 155, 180, 205, 230, 255, 280, 305, 330, 355] | [5, 30, 55, 80, 105, 130, 155, 180, 205, 230, 255, 280, 305, 330, 355] | [25, 30, 40, 130, 150, 175, 200, 205, 220, 250, 255, 260, 285, 330, 345] | [5, 30, 55, 80, 105, 130, 155, 180, 205, 230, 255, 280, 305, 330, 355] | [80, 95, 110, 120, 125, 145, 180, 220, 235, 260, 280, 300, 335, 345, 355] | [5, 30, 55, 80, 105, 130, 155, 180, 205, 230, 255, 280, 305, 330, 355] | [5, 30, 55, 80, 105, 130, 155, 180, 205, 230, 255, 280, 305, 330, 355] | [35, 80, 120, 125, 135, 150, 160, 165, 170, 230, 285, 295, 335, 340, 365] | [35, 80, 120, 125, 135, 150, 160, 165, 170, 230, 285, 295, 335, 340, 365] | [35, 80, 120, 125, 135, 150, 160, 165, 170, 230, 285, 295, 335, 340, 365] | [25, 35, 65, 95, 100, 110, 200, 205, 225, 240, 250, 300, 325, 345, 355] | [10, 25, 60, 75, 110, 135, 140, 145, 205, 210, 225, 265, 305, 355, 360] | [35, 80, 120, 125, 135, 150, 160, 165, 170, 230, 285, 295, 335, 340, 365] | [35, 80, 120, 125, 135, 150, 160, 165, 170, 230, 285, 295, 335, 340, 365] | [10, 25, 35, 45, 60, 105, 110, 160, 175, 250, 255, 280, 305, 345, 360] | [75, 80, 100, 110, 160, 170, 210, 230, 240, 250, 265, 300, 305, 330, 340]",105,anchor_worst_targeted,0.31000000,22->5,0.13000355,False,ok,"[22->5, 17->6, 22->18, 9->18, 4->18, 25->15, 4->16, 24->6, 2->5, 7->1, 2->15, 11->16, 17->15]"
6,6,8,2,8,11,"(9, 11, 15, 22, 25, 27)",20,72,"[1, 5]",0.00000000,"[0.00000000, 0.00000000, 0.00000000, 0.00000000, 0.00000000, 0.00000000]",0.45692399,0.47801426,6->22,linprog,"[0.00000000, 0.15454219, 0.09254272, 0.00000000, 0.04964083, 0.00000000, 0.04465104, 0.06872891, 0.00000000, 0.15250417, 0.00000000, 0.06398198, 0.05674889, 0.00968305, 0.10322248, 0.00000000, 0.06024201, 0.00000000, 0.09288413, 0.05062761]","[0, 154, 92, 0, 50, 0, 45, 69, 0, 152, 0, 64, 57, 10, 103, 0, 60, 0, 93, 51]","[796, 554, 776, 380, 39, 38, 394, 926, 555, 34, 774, 147, 894, 62, 483, 964, 798, 788, 787, 25]","[10, 30, 40, 60, 75, 165, 195, 200, 210, 260, 275, 280, 300, 330, 355] | [25, 45, 75, 85, 95, 110, 115, 145, 185, 195, 315, 330, 335, 355, 360] | [25, 60, 80, 90, 105, 110, 140, 205, 215, 220, 255, 260, 275, 320, 325] | [10, 85, 135, 150, 165, 170, 225, 275, 285, 295, 305, 320, 335, 355, 365] | [10, 20, 40, 70, 75, 110, 165, 175, 230, 240, 250, 270, 280, 330, 345] | [10, 20, 40, 70, 75, 110, 165, 175, 230, 240, 250, 270, 280, 330, 345] | [25, 60, 65, 85, 120, 145, 205, 255, 260, 265, 270, 305, 335, 350, 365] | [35, 40, 55, 65, 145, 150, 195, 210, 225, 255, 270, 305, 310, 315, 340] | [25, 45, 75, 85, 95, 110, 115, 145, 185, 195, 315, 330, 335, 355, 360] | [10, 25, 45, 110, 120, 140, 145, 150, 170, 215, 260, 290, 330, 335, 345] | [25, 60, 80, 90, 105, 110, 140, 205, 215, 220, 255, 260, 275, 320, 325] | [5, 30, 50, 60, 75, 85, 90, 95, 145, 220, 240, 285, 295, 360, 365] | [20, 60, 65, 125, 140, 170, 175, 190, 195, 225, 230, 250, 270, 280, 340] | [5, 25, 35, 40, 85, 90, 115, 175, 215, 240, 265, 275, 280, 325, 355] | [80, 90, 105, 120, 140, 145, 150, 160, 185, 200, 230, 235, 285, 340, 360] | [10, 25, 30, 70, 75, 90, 95, 120, 200, 225, 260, 270, 295, 315, 350] | [10, 30, 40, 60, 75, 165, 195, 200, 210, 260, 275, 280, 300, 330, 355] | [10, 30, 40, 60, 75, 165, 195, 200, 210, 260, 275, 280, 300, 330, 355] | [10, 30, 40, 60, 75, 165, 195, 200, 210, 260, 275, 280, 300, 330, 355] | [5, 25, 30, 40, 60, 90, 180, 190, 260, 290, 305, 310, 315, 330, 335]",796,anchor_worst_targeted,0.35600000,18->27,0.10092399,False,ok,"[18->27, 2->9, 17->25, 20->11, 20->15, 21->22, 21->27, 2->11, 21->9, 28->25, 16->11]"
6,6,8,2,8,12,"(9, 11, 15, 22, 27, 28)",20,72,"[1, 5]",0.00000000,"[0.00000000, 0.00000000, 0.00000000, 0.00000000, 0.00000000, 0.00000000]",0.45485247,0.47475244,16->9,linprog,"[0.18652912, 0.00000000, 0.00000000, 0.12528924, 0.03670954, 0.02413030, 0.01737349, 0.10519433, 0.10527049, 0.07186232, 0.00000000, 0.03623403, 0.00000000, 0.00712925, 0.06971045, 0.06866153, 0.07827586, 0.00000000, 0.06763004, 0.00000000]","[187, 0, 0, 125, 37, 24, 17, 105, 105, 72, 0, 36, 0, 7, 70, 69, 78, 0, 68, 0]","[947, 952, 919, 680, 452, 145, 893, 606, 380, 892, 635, 546, 824, 148, 16, 143, 459, 454, 456, 946]","[50, 100, 125, 135, 160, 200, 210, 215, 245, 265, 270, 330, 335, 345, 360] | [50, 100, 125, 135, 160, 200, 210, 215, 245, 265, 270, 330, 335, 345, 360] | [30, 60, 95, 115, 135, 150, 160, 165, 205, 255, 265, 280, 290, 335, 340] | [15, 20, 50, 80, 105, 110, 180, 220, 245, 275, 290, 305, 310, 325, 360] | [15, 65, 70, 75, 130, 135, 150, 165, 170, 200, 205, 260, 275, 290, 320] | [10, 45, 60, 80, 105, 110, 115, 145, 215, 275, 280, 290, 320, 325, 365] | [35, 50, 90, 115, 145, 155, 160, 210, 215, 225, 285, 295, 325, 335, 365] | [10, 55, 70, 100, 110, 115, 140, 150, 165, 195, 230, 245, 270, 320, 365] | [25, 30, 35, 75, 90, 125, 130, 185, 205, 230, 265, 300, 350, 360, 365] | [35, 50, 90, 115, 145, 155, 160, 210, 215, 225, 285, 295, 325, 335, 365] | [30, 65, 75, 175, 190, 195, 220, 235, 245, 250, 255, 270, 280, 295, 335] | [10, 20, 85, 90, 160, 165, 235, 240, 255, 270, 275, 325, 335, 350, 355] | [20, 45, 65, 90, 115, 135, 150, 155, 245, 265, 280, 290, 300, 305, 340] | [10, 45, 60, 80, 105, 110, 115, 145, 215, 275, 280, 290, 320, 325, 365] | [5, 30, 55, 80, 105, 130, 155, 180, 205, 230, 255, 280, 305, 330, 355] | [10, 45, 60, 80, 105, 110, 115, 145, 215, 275, 280, 290, 320, 325, 365] | [15, 65, 70, 75, 130, 135, 150, 165, 170, 200, 205, 260, 275, 290, 320] | [15, 65, 70, 75, 130, 135, 150, 165, 170, 200, 205, 260, 275, 290, 320] | [15, 65, 70, 75, 130, 135, 150, 165, 170, 200, 205, 260, 275, 290, 320] | [50, 100, 125, 135, 160, 200, 210, 215, 245, 265, 270, 330, 335, 345, 360]",947,anchor_worst_targeted,0.35000000,7->22,0.10485247,False,ok,"[7->22, 26->9, 18->15, 16->22, 4->27, 25->9, 20->9, 4->11, 24->11, 6->22, 21->11]"
6,6,8,2,8,13,"(1, 17, 18, 20, 21, 27)",20,78,[5],0.00000000,"[0.00000000, 0.00000000, 0.00000000, 0.00000000, 0.00000000, 0.00000000]",0.45400130,0.47706148,6->27,linprog,"[0.04130874, 0.19001042, 0.00000000, 0.02657025, 0.00000000, 0.14316881, 0.07905899, 0.13742673, 0.00000000, 0.00000000, 0.00000000, 0.00000000, 0.11305526, 0.01981204, 0.00000000, 0.08432271, 0.09051870, 0.00000000, 0.07465235, 0.00009501]","[41, 190, 0, 27, 0, 143, 79, 137, 0, 0, 0, 0, 113, 20, 0, 84, 91, 0, 75, 0]","[84, 51, 80, 78, 79, 273, 123, 246, 124, 127, 128, 290, 220, 221, 66, 47, 188, 240, 256, 296]","[5, 15, 30, 70, 85, 100, 140, 145, 165, 170, 180, 185, 230, 300, 360] | [35, 70, 130, 140, 155, 160, 165, 195, 220, 230, 295, 305, 310, 360, 365] | [5, 15, 30, 70, 85, 100, 140, 145, 165, 170, 180, 185, 230, 300, 360] | [5, 15, 30, 70, 85, 100, 140, 145, 165, 170, 180, 185, 230, 300, 360] | [5, 15, 30, 70, 85, 100, 140, 145, 165, 170, 180, 185, 230, 300, 360] | [35, 45, 50, 60, 65, 155, 160, 205, 245, 260, 285, 320, 335, 345, 355] | [10, 25, 35, 40, 55, 85, 95, 110, 180, 190, 205, 330, 340, 355, 360] | [5, 10, 50, 75, 110, 140, 155, 200, 245, 255, 300, 305, 330, 335, 365] | [10, 25, 35, 40, 55, 85, 95, 110, 180, 190, 205, 330, 340, 355, 360] | [10, 25, 35, 40, 55, 85, 95, 110, 180, 190, 205, 330, 340, 355, 360] | [10, 25, 35, 40, 55, 85, 95, 110, 180, 190, 205, 330, 340, 355, 360] | [5, 25, 70, 80, 85, 90, 115, 125, 135, 145, 175, 195, 265, 310, 335] | [10, 15, 40, 60, 70, 75, 100, 105, 140, 155, 290, 300, 325, 360, 365] | [10, 15, 40, 60, 70, 75, 100, 105, 140, 155, 290, 300, 325, 360, 365] | [25, 65, 105, 135, 145, 155, 190, 205, 210, 225, 235, 305, 310, 320, 340] | [35, 70, 130, 140, 155, 160, 165, 195, 220, 230, 295, 305, 310, 360, 365] | [90, 105, 135, 160, 165, 180, 185, 200, 240, 245, 260, 285, 300, 305, 310] | [5, 10, 50, 75, 110, 140, 155, 200, 245, 255, 300, 305, 330, 335, 365] | [5, 10, 35, 55, 80, 85, 100, 105, 110, 115, 150, 160, 225, 230, 295] | [5, 25, 70, 80, 85, 90, 115, 125, 135, 145, 175, 195, 265, 310, 335]",84,baseline_global_guarded,0.33500000,22->27,0.11900130,False,ok,"[22->27, 7->1, 28->1, 2->1, 9->1, 11->18, 16->1, 16->17, 9->17, 6->18, 15->17, 11->1]"
6,6,8,2,8,14,"(2, 6, 11, 15, 21, 26)",20,72,"[1, 5]",0.00000000,"[0.00000000, 0.00000000, 0.00000000, 0.00000000, 0.00000000, 0.00000000]",0.45962402,0.47846874,4->26,linprog,"[0.00000000, 0.00000000, 0.11410675, 0.06459352, 0.00000000, 0.00000000, 0.00000000, 0.04737319, 0.05756743, 0.02016733, 0.00000000, 0.00000000, 0.08340701, 0.13736712, 0.00000000, 0.08889156, 0.02939103, 0.06324212, 0.12471184, 0.16918110]","[0, 0, 114, 65, 0, 0, 0, 47, 58, 20, 0, 0, 84, 137, 0, 89, 29, 63, 125, 169]","[521, 517, 522, 86, 518, 524, 572, 533, 575, 27, 570, 236, 7, 861, 185, 228, 589, 168, 195, 142]","[5, 10, 55, 85, 105, 110, 130, 145, 185, 205, 215, 270, 290, 310, 340] | [5, 10, 55, 85, 105, 110, 130, 145, 185, 205, 215, 270, 290, 310, 340] | [5, 10, 55, 85, 105, 110, 130, 145, 185, 205, 215, 270, 290, 310, 340] | [30, 35, 45, 90, 125, 190, 195, 230, 255, 260, 265, 295, 315, 335, 340] | [5, 10, 55, 85, 105, 110, 130, 145, 185, 205, 215, 270, 290, 310, 340] | [5, 10, 55, 85, 105, 110, 130, 145, 185, 205, 215, 270, 290, 310, 340] | [15, 30, 35, 75, 145, 150, 160, 180, 210, 240, 250, 295, 300, 330, 365] | [20, 70, 85, 175, 215, 225, 245, 255, 270, 300, 305, 315, 330, 345, 365] | [15, 30, 35, 75, 145, 150, 160, 180, 210, 240, 250, 295, 300, 330, 365] | [15, 35, 105, 125, 160, 165, 190, 195, 220, 225, 240, 255, 310, 325, 360] | [15, 30, 35, 75, 145, 150, 160, 180, 210, 240, 250, 295, 300, 330, 365] | [15, 30, 35, 45, 50, 55, 75, 140, 170, 220, 250, 260, 275, 305, 315] | [5, 30, 55, 80, 105, 130, 155, 180, 205, 230, 255, 280, 305, 330, 355] | [40, 50, 55, 65, 125, 130, 150, 160, 165, 185, 190, 230, 250, 255, 260] | [5, 30, 55, 80, 105, 130, 155, 180, 205, 230, 255, 280, 305, 330, 355] | [15, 30, 35, 45, 50, 55, 75, 140, 170, 220, 250, 260, 275, 305, 315] | [35, 50, 65, 70, 80, 125, 140, 155, 180, 210, 245, 280, 315, 345, 355] | [15, 20, 45, 70, 95, 105, 165, 170, 175, 235, 260, 285, 300, 310, 340] | [30, 35, 45, 110, 125, 165, 185, 190, 220, 230, 240, 270, 290, 345, 365] | [5, 45, 50, 125, 140, 150, 170, 205, 215, 250, 270, 285, 310, 340, 365]",521,anchor_worst_targeted,0.32600000,27->26,0.13362402,False,ok,"[27->26, 18->11, 7->2, 25->26, 20->21, 17->26, 28->26, 17->2, 24->15, 18->6, 27->6]"
6,6,8,2,8,15,"(2, 5, 11, 18, 26, 27)",20,78,[1],0.00000000,"[0.00000000, 0.00000000, 0.00000000, 0.00000000, 0.00000000, 0.00000000]",0.44018633,0.47269785,7->2,linprog,"[0.30935120, 0.00283209, 0.01926916, 0.03909337, 0.00000000, 0.03837548, 0.10844698, 0.03960931, 0.00000000, 0.00000000, 0.00628300, 0.00000000, 0.00000000, 0.00000000, 0.07719080, 0.07173726, 0.11845419, 0.00000000, 0.08182250, 0.08753466]","[309, 3, 19, 39, 0, 38, 108, 40, 0, 0, 6, 0, 0, 0, 77, 72, 119, 0, 82, 88]","[84, 90, 93, 72, 370, 73, 172, 287, 322, 191, 183, 248, 323, 329, 255, 342, 27, 180, 135, 182]","[5, 45, 75, 135, 140, 165, 170, 180, 220, 240, 260, 275, 280, 290, 315] | [5, 45, 75, 135, 140, 165, 170, 180, 220, 240, 260, 275, 280, 290, 315] | [5, 45, 75, 135, 140, 165, 170, 180, 220, 240, 260, 275, 280, 290, 315] | [5, 10, 105, 115, 170, 180, 200, 240, 250, 255, 275, 300, 305, 340, 355] | [10, 60, 75, 105, 120, 130, 145, 165, 180, 200, 230, 280, 295, 325, 345] | [5, 10, 105, 115, 170, 180, 200, 240, 250, 255, 275, 300, 305, 340, 355] | [5, 10, 15, 30, 50, 60, 120, 215, 245, 250, 280, 300, 310, 325, 330] | [30, 50, 55, 65, 110, 115, 120, 125, 175, 180, 210, 230, 235, 330, 340] | [15, 40, 80, 90, 115, 205, 210, 235, 265, 275, 295, 315, 340, 355, 365] | [10, 20, 25, 65, 145, 165, 190, 200, 215, 220, 230, 240, 255, 325, 365] | [10, 20, 25, 65, 145, 165, 190, 200, 215, 220, 230, 240, 255, 325, 365] | [25, 30, 40, 45, 80, 90, 95, 105, 165, 250, 315, 325, 330, 340, 345] | [15, 40, 80, 90, 115, 205, 210, 235, 265, 275, 295, 315, 340, 355, 365] | [15, 40, 80, 90, 115, 205, 210, 235, 265, 275, 295, 315, 340, 355, 365] | [25, 30, 40, 45, 80, 90, 95, 105, 165, 250, 315, 325, 330, 340, 345] | [20, 25, 30, 75, 90, 100, 180, 190, 210, 215, 220, 325, 335, 340, 365] | [10, 25, 40, 45, 85, 100, 130, 145, 180, 185, 190, 200, 270, 340, 345] | [10, 20, 25, 65, 145, 165, 190, 200, 215, 220, 230, 240, 255, 325, 365] | [50, 115, 140, 150, 175, 180, 185, 200, 220, 225, 230, 240, 250, 255, 275] | [10, 20, 25, 65, 145, 165, 190, 200, 215, 220, 230, 240, 255, 325, 365]",84,anchor_worst_targeted,0.32600000,4->18,0.11418633,False,ok,"[4->18, 22->5, 28->11, 15->27, 25->26, 25->2, 9->27, 25->11, 28->26, 17->27, 7->2, 4->5]"
6,6,8,2,8,16,"(1, 4, 6, 7, 11, 22)",20,78,[5],0.00000000,"[0.00000000, 0.00000000, 0.00000000, 0.00000000, 0.00000000, 0.00000000]",0.44054043,0.46819191,24->6,linprog,"[0.11926521, 0.14756480, 0.18969897, 0.00000000, 0.03925929, 0.00000000, 0.00000000, 0.15724804, 0.04174335, 0.00000000, 0.00000000, 0.00000000, 0.00000000, 0.01837151, 0.04576727, 0.00000000, 0.00000000, 0.18461421, 0.05646735, 0.00000000]","[119, 148, 190, 0, 39, 0, 0, 157, 42, 0, 0, 0, 0, 18, 46, 0, 0, 185, 56, 0]","[48, 23, 244, 277, 258, 205, 104, 367, 105, 99, 103, 349, 318, 192, 227, 261, 8, 70, 194, 348]","[35, 75, 90, 110, 115, 120, 155, 170, 200, 220, 250, 260, 305, 330, 365] | [5, 15, 30, 40, 45, 75, 90, 105, 135, 140, 150, 225, 250, 280, 305] | [30, 45, 105, 115, 130, 175, 195, 225, 250, 265, 280, 290, 305, 335, 365] | [60, 65, 110, 120, 150, 155, 220, 240, 250, 255, 280, 285, 290, 330, 355] | [5, 25, 55, 60, 95, 100, 130, 145, 165, 185, 220, 275, 330, 335, 365] | [35, 45, 50, 60, 100, 135, 165, 195, 205, 210, 235, 260, 280, 285, 360] | [15, 25, 55, 65, 165, 175, 195, 200, 225, 230, 240, 265, 285, 300, 305] | [25, 85, 105, 120, 135, 145, 175, 185, 220, 245, 275, 280, 295, 325, 355] | [15, 25, 55, 65, 165, 175, 195, 200, 225, 230, 240, 265, 285, 300, 305] | [15, 25, 55, 65, 165, 175, 195, 200, 225, 230, 240, 265, 285, 300, 305] | [15, 25, 55, 65, 165, 175, 195, 200, 225, 230, 240, 265, 285, 300, 305] | [25, 40, 50, 60, 70, 105, 110, 115, 120, 165, 190, 205, 210, 240, 310] | [10, 30, 35, 45, 55, 95, 170, 185, 190, 210, 220, 240, 275, 290, 365] | [5, 10, 90, 95, 100, 120, 170, 185, 195, 235, 240, 255, 275, 285, 340] | [15, 50, 65, 75, 160, 180, 205, 225, 240, 250, 260, 300, 325, 350, 355] | [5, 25, 55, 60, 95, 100, 130, 145, 165, 185, 220, 275, 330, 335, 365] | [5, 30, 55, 80, 105, 130, 155, 180, 205, 230, 255, 280, 305, 330, 355] | [5, 30, 55, 80, 105, 130, 155, 180, 205, 230, 255, 280, 305, 330, 355] | [35, 45, 50, 60, 100, 135, 165, 195, 205, 210, 235, 260, 280, 285, 360] | [25, 40, 50, 60, 70, 105, 110, 115, 120, 165, 190, 205, 210, 240, 310]",48,baseline_global_guarded,0.29100000,17->22,0.14954043,False,ok,"[17->22, 18->6, 18->4, 16->22, 24->6, 9->7, 2->1, 25->22, 20->1, 24->7, 25->1, 9->6]"
6,6,8,2,8,17,"(1, 2, 15, 20, 22, 24)",20,78,[5],0.00000000,"[0.00000000, 0.00000000, 0.00000000, 0.00000000, 0.00000000, 0.00000000]",0.43546943,0.47048618,18->22,linprog,"[0.18267393, 0.22763406, 0.00000000, 0.00000000, 0.00000000, 0.06482047, 0.00000000, 0.08016342, 0.10646471, 0.03606957, 0.09273874, 0.06261116, 0.00430637, 0.00000000, 0.00000000, 0.08629793, 0.00000000, 0.05621965, 0.00000000, 0.00000000]","[183, 228, 0, 0, 0, 65, 0, 80, 106, 36, 93, 63, 4, 0, 0, 86, 0, 56, 0, 0]","[234, 36, 34, 30, 33, 147, 328, 320, 301, 62, 106, 303, 35, 32, 327, 215, 246, 325, 244, 326]","[45, 65, 80, 110, 125, 160, 165, 210, 225, 250, 295, 300, 305, 310, 365] | [40, 70, 75, 85, 95, 115, 125, 130, 145, 210, 265, 290, 295, 310, 355] | [40, 70, 75, 85, 95, 115, 125, 130, 145, 210, 265, 290, 295, 310, 355] | [40, 70, 75, 85, 95, 115, 125, 130, 145, 210, 265, 290, 295, 310, 355] | [40, 70, 75, 85, 95, 115, 125, 130, 145, 210, 265, 290, 295, 310, 355] | [35, 60, 90, 95, 115, 125, 130, 135, 150, 210, 245, 290, 295, 330, 345] | [55, 70, 80, 95, 100, 110, 195, 275, 280, 290, 300, 305, 310, 325, 335] | [55, 70, 80, 95, 100, 110, 195, 275, 280, 290, 300, 305, 310, 325, 335] | [25, 80, 110, 120, 135, 155, 170, 190, 200, 225, 275, 295, 305, 360, 365] | [35, 70, 85, 90, 100, 165, 195, 205, 245, 265, 300, 320, 325, 330, 350] | [15, 55, 90, 100, 105, 145, 150, 160, 205, 245, 280, 290, 310, 350, 355] | [25, 80, 110, 120, 135, 155, 170, 190, 200, 225, 275, 295, 305, 360, 365] | [40, 70, 75, 85, 95, 115, 125, 130, 145, 210, 265, 290, 295, 310, 355] | [40, 70, 75, 85, 95, 115, 125, 130, 145, 210, 265, 290, 295, 310, 355] | [55, 70, 80, 95, 100, 110, 195, 275, 280, 290, 300, 305, 310, 325, 335] | [10, 90, 95, 100, 130, 160, 165, 175, 185, 210, 255, 260, 280, 345, 350] | [45, 65, 80, 110, 125, 160, 165, 210, 225, 250, 295, 300, 305, 310, 365] | [55, 70, 80, 95, 100, 110, 195, 275, 280, 290, 300, 305, 310, 325, 335] | [45, 65, 80, 110, 125, 160, 165, 210, 225, 250, 295, 300, 305, 310, 365] | [55, 70, 80, 95, 100, 110, 195, 275, 280, 290, 300, 305, 310, 325, 335]",234,anchor_worst_targeted,0.34800000,25->24,0.08746943,False,ok,"[25->24, 4->20, 27->2, 9->2, 7->1, 27->20, 9->22, 26->2, 7->2, 4->2, 17->20, 4->22]"
6,6,8,2,8,18,"(4, 11, 16, 17, 18, 28)",20,72,"[1, 5]",0.00000000,"[0.00000000, 0.00000000, 0.00000000, 0.00000000, 0.00000000, 0.00000000]",0.46065084,0.47794862,24->11,linprog,"[0.16073418, 0.12186783, 0.00000000, 0.09036319, 0.00000000, 0.09830619, 0.06442126, 0.08838726, 0.00000000, 0.11078301, 0.00000000, 0.07280433, 0.00000000, 0.00000000, 0.00000000, 0.00000000, 0.07021270, 0.00000000, 0.12212005, 0.00000000]","[161, 122, 0, 90, 0, 98, 65, 88, 0, 111, 0, 73, 0, 0, 0, 0, 70, 0, 122, 0]","[286, 789, 568, 399, 798, 99, 889, 441, 882, 156, 152, 32, 613, 392, 312, 396, 963, 966, 98, 96]","[25, 35, 45, 70, 120, 125, 135, 145, 155, 205, 215, 225, 235, 245, 360] | [10, 90, 105, 115, 120, 190, 225, 235, 250, 275, 285, 295, 305, 310, 350] | [10, 15, 25, 35, 45, 70, 75, 105, 145, 155, 160, 185, 205, 270, 310] | [35, 60, 75, 80, 85, 120, 165, 170, 195, 235, 245, 265, 315, 345, 365] | [10, 90, 105, 115, 120, 190, 225, 235, 250, 275, 285, 295, 305, 310, 350] | [5, 25, 35, 45, 75, 80, 95, 140, 160, 185, 200, 220, 270, 285, 335] | [35, 60, 105, 120, 150, 160, 165, 190, 195, 225, 245, 255, 290, 310, 350] | [50, 55, 65, 110, 115, 135, 140, 145, 150, 180, 220, 260, 270, 285, 340] | [35, 60, 105, 120, 150, 160, 165, 190, 195, 225, 245, 255, 290, 310, 350] | [5, 15, 95, 110, 125, 180, 190, 205, 240, 265, 300, 325, 335, 345, 350] | [5, 15, 95, 110, 125, 180, 190, 205, 240, 265, 300, 325, 335, 345, 350] | [5, 15, 80, 100, 110, 155, 165, 200, 210, 215, 220, 235, 295, 325, 345] | [25, 65, 80, 85, 90, 110, 175, 220, 235, 265, 275, 285, 300, 320, 345] | [35, 60, 75, 80, 85, 120, 165, 170, 195, 235, 245, 265, 315, 345, 365] | [10, 50, 120, 135, 180, 185, 190, 200, 205, 220, 235, 265, 270, 275, 340] | [35, 60, 75, 80, 85, 120, 165, 170, 195, 235, 245, 265, 315, 345, 365] | [55, 75, 100, 105, 120, 130, 165, 190, 210, 215, 235, 290, 315, 330, 355] | [55, 75, 100, 105, 120, 130, 165, 190, 210, 215, 235, 290, 315, 330, 355] | [5, 25, 35, 45, 75, 80, 95, 140, 160, 185, 200, 220, 270, 285, 335] | [5, 25, 35, 45, 75, 80, 95, 140, 160, 185, 200, 220, 270, 285, 335]",286,anchor_worst_targeted,0.35400000,21->4,0.10665084,False,ok,"[21->4, 15->11, 25->18, 7->16, 20->16, 25->4, 15->4, 27->11, 24->11, 20->18, 9->11]"
6,6,8,2,8,19,"(1, 5, 11, 18, 21, 26)",20,84,[],0.00000000,"[0.00000000, 0.00000000, 0.00000000, 0.00000000, 0.00000000, 0.00000000]",0.42965076,0.46674495,4->11,linprog,"[0.01425941, 0.00000000, 0.07544493, 0.25541502, 0.01261128, 0.06782646, 0.00000000, 0.00000000, 0.13359392, 0.00000000, 0.00000000, 0.00000000, 0.18758137, 0.00000000, 0.04093282, 0.21233479, 0.00000000, 0.00000000, 0.00000000, 0.00000000]","[14, 0, 75, 255, 13, 68, 0, 0, 134, 0, 0, 0, 188, 0, 41, 212, 0, 0, 0, 0]","[71, 74, 69, 76, 79, 91, 59, 34, 62, 52, 60, 89, 46, 35, 47, 95, 96, 87, 70, 83]","[5, 30, 45, 50, 75, 110, 125, 135, 175, 190, 220, 240, 265, 280, 345] | [5, 30, 45, 50, 75, 110, 125, 135, 175, 190, 220, 240, 265, 280, 345] | [5, 30, 45, 50, 75, 110, 125, 135, 175, 190, 220, 240, 265, 280, 345] | [5, 30, 45, 50, 75, 110, 125, 135, 175, 190, 220, 240, 265, 280, 345] | [5, 30, 45, 50, 75, 110, 125, 135, 175, 190, 220, 240, 265, 280, 345] | [10, 25, 65, 90, 105, 110, 115, 135, 165, 200, 210, 220, 255, 290, 310] | [30, 60, 105, 115, 120, 135, 155, 170, 175, 200, 230, 280, 305, 335, 365] | [5, 30, 55, 80, 105, 130, 155, 180, 205, 230, 255, 280, 305, 330, 355] | [30, 60, 105, 115, 120, 135, 155, 170, 175, 200, 230, 280, 305, 335, 365] | [30, 60, 105, 115, 120, 135, 155, 170, 175, 200, 230, 280, 305, 335, 365] | [30, 60, 105, 115, 120, 135, 155, 170, 175, 200, 230, 280, 305, 335, 365] | [10, 25, 65, 90, 105, 110, 115, 135, 165, 200, 210, 220, 255, 290, 310] | [5, 30, 55, 80, 105, 130, 155, 180, 205, 230, 255, 280, 305, 330, 355] | [5, 30, 55, 80, 105, 130, 155, 180, 205, 230, 255, 280, 305, 330, 355] | [5, 30, 55, 80, 105, 130, 155, 180, 205, 230, 255, 280, 305, 330, 355] | [10, 25, 65, 90, 105, 110, 115, 135, 165, 200, 210, 220, 255, 290, 310] | [10, 25, 65, 90, 105, 110, 115, 135, 165, 200, 210, 220, 255, 290, 310] | [10, 25, 65, 90, 105, 110, 115, 135, 165, 200, 210, 220, 255, 290, 310] | [5, 30, 45, 50, 75, 110, 125, 135, 175, 190, 220, 240, 265, 280, 345] | [10, 25, 65, 90, 105, 110, 115, 135, 165, 200, 210, 220, 255, 290, 310]",71,anchor_worst_targeted,0.26600000,28->26,0.16365076,False,ok,"[28->26, 7->21, 24->26, 15->11, 2->5, 4->18, 15->18, 16->1, 25->21, 27->18, 20->11, 6->5, 15->1]"
6,6,8,2,8,20,"(1, 2, 5, 6, 25, 26)",20,84,[],0.00000000,"[0.00000000, 0.00000000, 0.00000000, 0.00000000, 0.00000000, 0.00000000]",0.41144904,0.46713940,17->1,linprog,"[0.00000000, 0.00000000, 0.00000000, 0.00000000, 0.25961381, 0.00000000, 0.11878254, 0.00000000, 0.20622163, 0.26407448, 0.00000000, 0.00000000, 0.00000000, 0.09182636, 0.00000000, 0.05693232, 0.00254887, 0.00000000, 0.00000000, 0.00000000]","[0, 0, 0, 0, 260, 0, 119, 0, 206, 264, 0, 0, 0, 92, 0, 57, 2, 0, 0, 0]","[103, 100, 95, 28, 97, 93, 22, 25, 23, 77, 26, 112, 114, 120, 80, 111, 102, 104, 99, 90]","[25, 95, 120, 135, 140, 145, 155, 200, 230, 240, 260, 280, 290, 330, 365] | [25, 95, 120, 135, 140, 145, 155, 200, 230, 240, 260, 280, 290, 330, 365] | [25, 95, 120, 135, 140, 145, 155, 200, 230, 240, 260, 280, 290, 330, 365] | [10, 40, 45, 85, 100, 105, 135, 150, 160, 205, 230, 245, 280, 290, 360] | [25, 95, 120, 135, 140, 145, 155, 200, 230, 240, 260, 280, 290, 330, 365] | [25, 95, 120, 135, 140, 145, 155, 200, 230, 240, 260, 280, 290, 330, 365] | [10, 40, 45, 85, 100, 105, 135, 150, 160, 205, 230, 245, 280, 290, 360] | [10, 40, 45, 85, 100, 105, 135, 150, 160, 205, 230, 245, 280, 290, 360] | [10, 40, 45, 85, 100, 105, 135, 150, 160, 205, 230, 245, 280, 290, 360] | [10, 30, 40, 65, 75, 115, 155, 170, 205, 230, 250, 255, 335, 340, 365] | [10, 40, 45, 85, 100, 105, 135, 150, 160, 205, 230, 245, 280, 290, 360] | [5, 10, 95, 105, 120, 145, 150, 160, 175, 190, 235, 240, 295, 325, 335] | [5, 10, 95, 105, 120, 145, 150, 160, 175, 190, 235, 240, 295, 325, 335] | [5, 10, 95, 105, 120, 145, 150, 160, 175, 190, 235, 240, 295, 325, 335] | [10, 30, 40, 65, 75, 115, 155, 170, 205, 230, 250, 255, 335, 340, 365] | [5, 10, 95, 105, 120, 145, 150, 160, 175, 190, 235, 240, 295, 325, 335] | [25, 95, 120, 135, 140, 145, 155, 200, 230, 240, 260, 280, 290, 330, 365] | [25, 95, 120, 135, 140, 145, 155, 200, 230, 240, 260, 280, 290, 330, 365] | [25, 95, 120, 135, 140, 145, 155, 200, 230, 240, 260, 280, 290, 330, 365] | [25, 95, 120, 135, 140, 145, 155, 200, 230, 240, 260, 280, 290, 330, 365]",103,anchor_worst_targeted,0.30600000,17->26,0.10544904,False,ok,"[17->26, 4->2, 20->5, 17->1, 9->5, 24->6, 28->25, 9->6, 22->5, 24->25, 9->26, 22->6, 18->25]"
